Timestamp, Config, NodeId, ScanStartPs, ScanStopPs, ScanResolutionBins, BaseIntegrationIndex, Segment1NumSamples, Segment2NumSamples, Segment3NumSamples, Segment4NumSamples, Segment1AdditionalIntegration, Segment2AdditionalIntegration, Segment3AdditionalIntegration, Segment4AdditionalIntegration, AntennaMode, TransmitGain, CodeChannel
1602200876.762, Config, 100, 10000, 23333, 32, 10, 0, 0, 0, 0, 0, 0, 0, 0, 0, 44, 107
Timestamp, MrmControlRequest, ScanCount, IntervalTimeMicroseconds
1602200895.795, MrmControlRequest, 13, 10, 50000, 
Timestamp, MrmControlConfirm, MessageId, Status
1602200895.857, MrmControlConfirm, 13, 0
Timestamp, MrmFullScanInfo, MessageId, SourceId, EmbeddedTimestamp, Reserved, Reserved, Reserved, Reserved, ScanStartPs, ScanStopPs, ScanStepBins, Filtering, AntennaId, Reserved, NumSamplesTotal, ScanData
1602200895.888, MrmFullScanInfo, 13, 107, 1970201, 0, 0, 0, 0, 10000, 21718, 32, 1, 2, 1, 192, -58212, 128774, 69728, -128367, -91807, 125867, 118149, -115240, -130009, 38447, 130048, 63074, -126577, -101368, 124450, 121576, -115082, -129656, 92495, 129960, -53380, -130048, -30376, 122711, 126182, 103238, -124670, -128891, 79062, 129219, -89243, -128309, 92399, 127163, -107225, -129243, 90409, 129790, -71294, -130048, 44049, 130045, -2526, -130034, -101088, 122135, 129981, -40439, -130048, -81092, 129856, 124156, -123258, -129992, 88010, 130048, -26581, -130048, -57774, 128849, 128057, -87190, -130048, -102411, 127436, 130048, 13083, -129961, -123586, 111036, 130048, 13259, -130048, -128901, 100517, 130048, 83023, -127287, -129981, 58177, 130048, 30177, -130048, -110312, 128454, 129548, -100124, -130048, -6444, 129856, 119525, -95026, -130035, -22244, 130032, 108934, -123777, -129443, 70324, 130048, 29297, -129970, -113291, 76474, 129939, 88734, -101858, -130048, -27166, 129636, 123166, -73428, -130045, -55131, 126409, 125027, -63109, -130048, -41204, 125812, 111719, -75748, -127234, 12326, 124223, 48806, -76155, -76312, 15425, 55571, 23069, -17570, -32008, -13408, 10020, 25359, 25918, -9037, -44401, -26061, 35003, 55925, -7718, -61736, -31757, 43103, 62676, -7061, -68877, -29669, 47589, 52727, -15039, -55711, -16235, 36561, 40789, -5496, -43996, -18546, 26112, 28557, -4013, -28149, -15237, 12959, 23923, 7067, -21600, -18182, 11013, 20094, 3293, -15594, -10934, 6065, 8256, 3169, -4348, -6873, -570, 4760, 5279, -10, -4660, -3631, -1380, 4967, 7435, -2560, -10584, -3124
1602200895.888, MrmFullScanInfo, 13, 107, 1970201, 0, 0, 0, 0, 10000, 21718, 32, 2, 2, 1, 192, 0, 0, 0, 0, 0, 0, 31477, -58100, -58659, 123679, 70913, -142886, -81525, 102137, 103475, -27676, -134328, -41258, 158738, 82385, -161916, -98505, 137507, 104544, -86068, -100958, 14301, 73120, 62323, -17465, -122784, -45041, 152882, 88318, -156260, -105866, 146783, 105744, -134095, -99841, 120161, 96944, -102321, -100603, 74099, 111047, -30182, -122818, -24351, 119063, 76889, -82419, -119368, 17649, 149042, 47881, -158111, -91569, 135622, 113966, -79827, -126926, 6162, 125709, 62957, -91607, -107666, 21947, 110793, 59225, -66801, -117052, -6372, 123832, 77609, -73485, -117756, -9645, 106462, 86713, -45674, -127075, -35177, 115631, 103913, -58594, -147997, -15229, 161326, 75838, -133181, -112586, 63966, 125848, 22603, -109250, -96423, 58417, 141230, 11185, -150007, -73850, 116899, 114835, -48342, -124567, -31426, 93025, 89976, -23981, -100976, -55688, 59443, 107677, 13406, -105338, -83384, 50362, 120916, 28064, -109226, -95303, 52629, 129963, 22715, -124471, -85167, 83538, 114310, -25099, -105744, -26272, 69039, 51675, -23450, -47219, -10252, 23848, 19514, 634, -6029, -10950, -16511, 1715, 31302, 20335, -27442, -41184, 4775, 48198, 26409, -36514, -51005, 10402, 57667, 19306, -44088, -40249, 16663, 44537, 13101, -32437, -33354, 11096, 37170, 9846, -25673, -22288, 6308, 22554, 11856, -12716, -21913, -993, 21362, 12067, -12824, -16567, 2143, 13945, 5425, -6787, -7702, -583, 5480, 4662, -1367, -4464, -1476, 1334, 1093, 2220
1602200895.951, MrmFullScanInfo, 14, 107, 1970251, 0, 0, 0, 0, 10000, 21718, 32, 1, 2, 1, 192, -60067, 128897, 70579, -128526, -92070, 125906, 118546, -116016, -130042, 34769, 130048, 63900, -125955, -102296, 122982, 122641, -114060, -129609, 92209, 129962, -51473, -130048, -31566, 123721, 126694, 105202, -124539, -128760, 76690, 129113, -86444, -128318, 91475, 127798, -106965, -129142, 88634, 130025, -69467, -130043, 38576, 130039, -198, -129971, -104285, 120158, 129922, -36069, -130048, -85024, 129823, 123705, -122918, -129961, 85797, 130048, -20840, -130042, -60456, 128638, 127916, -84953, -130048, -104898, 127426, 130048, 12259, -129900, -123479, 110257, 130048, 14432, -130048, -129335, 99547, 130048, 83095, -126851, -129961, 54115, 130046, 31980, -130011, -110070, 128088, 129366, -99071, -130048, -12425, 129703, 120391, -92498, -130033, -24551, 130048, 111719, -122410, -129505, 66620, 130048, 33637, -129970, -115434, 73603, 129992, 90310, -101102, -130025, -28811, 129637, 122413, -73498, -130048, -54134, 125865, 125264, -61564, -130048, -44026, 124948, 113435, -73094, -127753, 9210, 124468, 53330, -75515, -77024, 15218, 55982, 23279, -17503, -32289, -14607, 10268, 26427, 26060, -9289, -43900, -26128, 34893, 55893, -7744, -61667, -32390, 43634, 62957, -7770, -69135, -29832, 47612, 52864, -14788, -55692, -17325, 36421, 40504, -6413, -43590, -18422, 26259, 28584, -4129, -28223, -15185, 13526, 23986, 6478, -21313, -17642, 10624, 19422, 2822, -14896, -10683, 5450, 8252, 3288, -4239, -6723, -740, 4290, 5414, 332, -4642, -4039, -1359, 5094, 7404, -3095, -10570, -3045
1602200895.951, MrmFullScanInfo, 14, 107, 1970251, 0, 0, 0, 0, 10000, 21718, 32, 2, 2, 1, 192, 0, 0, 0, 0, 0, 0, 31755, -58275, -59087, 123855, 71291, -142570, -81846, 101072, 103744, -26133, -134361, -42775, 158379, 83570, -161186, -99252, 136479, 105010, -84862, -101327, 13194, 73319, 62928, -17311, -122507, -45585, 151622, 89159, -154468, -106847, 145153, 106604, -132862, -100421, 118800, 97400, -100173, -101286, 71094, 111995, -26968, -123386, -26983, 118271, 78720, -80063, -120626, 14779, 149759, 49944, -157670, -92532, 133445, 114547, -76416, -127604, 2956, 126021, 64888, -90909, -108477, 20453, 111197, 60546, -67144, -117431, -6210, 123257, 77735, -72484, -117981, -10484, 106517, 86863, -45424, -126164, -35769, 113843, 104751, -56762, -148671, -16327, 161046, 76250, -131422, -112806, 61182, 125927, 25255, -108631, -98077, 56795, 141665, 13348, -149066, -75880, 114542, 116278, -45171, -125127, -34309, 92566, 91674, -22799, -101328, -56978, 58972, 108647, 13948, -105877, -83449, 50496, 120247, 28271, -107783, -95601, 50662, 129803, 24774, -123228, -86965, 81106, 115715, -22194, -106687, -28610, 69423, 52809, -23262, -47187, -10856, 23091, 20274, 1543, -6695, -11566, -16099, 1919, 31140, 20420, -27385, -41461, 4677, 48630, 26550, -36974, -51105, 10696, 57626, 19267, -43862, -40454, 16381, 44920, 13210, -32849, -33225, 11361, 36984, 9822, -25615, -22490, 6429, 22932, 11571, -13201, -21536, -462, 21034, 11489, -12653, -15946, 2109, 13388, 5398, -6468, -7617, -575, 5304, 4390, -1121, -4080, -1719, 959, 1275, 2545
1602200896.013, MrmFullScanInfo, 15, 107, 1970301, 0, 0, 0, 0, 10000, 21718, 32, 1, 2, 1, 192, -63630, 128781, 70714, -128160, -95805, 125172, 119344, -114682, -130048, 33761, 130048, 64107, -125974, -102014, 123317, 123217, -112695, -129711, 90996, 130038, -48492, -130048, -37610, 122503, 127519, 101681, -124963, -128714, 76636, 128816, -86801, -128582, 89814, 127558, -106293, -128975, 87232, 130026, -67290, -129918, 39125, 130048, 3772, -129998, -103193, 119658, 130002, -38124, -130048, -82954, 129836, 123884, -122668, -129812, 82594, 130040, -19742, -130048, -62107, 128322, 127596, -85031, -130048, -103033, 127140, 129896, 15455, -129590, -124360, 109488, 130048, 17737, -130048, -129013, 97641, 130048, 85049, -127586, -129978, 57070, 130048, 32715, -130005, -111153, 127928, 129557, -95590, -130048, -12937, 129776, 122167, -91052, -130048, -25689, 130012, 111026, -121779, -129793, 64832, 129794, 40298, -129914, -117112, 74904, 130025, 90398, -101144, -130042, -27518, 129685, 123400, -73448, -130032, -53834, 125493, 125076, -59004, -130048, -44734, 124392, 115105, -70134, -127842, 6121, 125248, 54520, -76299, -78746, 15168, 55392, 23235, -16655, -32081, -15356, 10048, 26760, 26654, -9721, -44292, -25337, 35299, 55730, -8043, -62119, -32984, 42971, 63524, -7022, -69372, -30108, 48095, 52490, -15017, -56141, -16100, 37465, 40487, -7269, -44199, -17922, 26121, 28293, -3786, -28258, -15081, 13562, 23713, 5874, -21612, -17580, 10802, 19342, 2530, -14891, -10800, 5344, 8180, 3644, -4375, -6768, -597, 4197, 5178, 411, -4664, -4230, -1495, 5385, 7397, -3300, -10423, -2320
1602200896.013, MrmFullScanInfo, 15, 107, 1970301, 0, 0, 0, 0, 10000, 21718, 32, 2, 2, 1, 192, 0, 0, 0, 0, 0, 0, 32515, -58302, -60623, 123833, 72974, -142325, -83028, 100582, 104293, -25591, -134418, -43210, 158026, 83934, -160330, -99682, 134773, 105606, -82135, -102331, 10034, 74885, 65313, -19084, -123403, -44318, 151349, 88808, -153699, -107168, 144265, 107133, -131841, -100880, 117628, 97764, -98850, -101627, 69710, 112348, -25768, -123794, -27681, 118876, 78735, -80959, -120124, 15770, 148885, 49302, -156454, -92518, 131943, 115058, -74920, -128277, 1871, 126598, 65348, -91397, -108160, 20873, 110057, 60332, -65494, -117308, -7763, 122791, 78680, -71524, -118070, -11659, 105774, 88123, -44336, -127565, -36477, 115050, 104810, -57223, -148238, -16754, 160238, 77177, -130251, -113702, 59819, 126335, 26505, -108420, -98969, 56236, 141932, 13893, -148226, -76393, 112240, 117136, -41949, -126506, -37089, 94023, 93090, -23669, -101622, -56880, 58824, 108991, 14112, -106287, -83336, 50727, 119594, 28334, -106589, -95752, 49200, 129452, 26262, -121955, -88468, 79147, 117192, -20301, -107912, -29755, 70103, 52982, -23323, -46633, -11156, 22278, 20541, 2316, -6685, -12247, -16360, 2490, 31443, 20035, -27506, -41256, 4492, 48481, 27019, -36826, -51702, 10608, 58220, 19319, -44440, -40631, 16932, 45351, 12770, -33486, -32948, 12005, 36808, 9390, -25511, -22379, 6438, 23093, 11465, -13492, -21450, -178, 21057, 11284, -12761, -15799, 2206, 13253, 5398, -6347, -7734, -625, 5485, 4326, -1277, -3914, -1646, 735, 1298, 2813
1602200896.044, MrmFullScanInfo, 16, 107, 1970351, 0, 0, 0, 0, 10000, 21718, 32, 1, 2, 1, 192, -64542, 128324, 73092, -127884, -94122, 125058, 118967, -114269, -130029, 30441, 130048, 67950, -125442, -102554, 122295, 122927, -110520, -129581, 88195, 130016, -47863, -130048, -37728, 123403, 127722, 103760, -124815, -129018, 77042, 128513, -85041, -128823, 87037, 127308, -104364, -129356, 85383, 129873, -65866, -130048, 36067, 130048, 3446, -129974, -104073, 120663, 130021, -33707, -130048, -86023, 129652, 124806, -121741, -129888, 81316, 130044, -17486, -130048, -63031, 128390, 127891, -85339, -130048, -105385, 126484, 129797, 16013, -129836, -124638, 109056, 130048, 19195, -130048, -129158, 98153, 129794, 85977, -127307, -129978, 53159, 130043, 36286, -130048, -112472, 127965, 129828, -94124, -130048, -18021, 129820, 122028, -89487, -130048, -28393, 130045, 112883, -119816, -129466, 60926, 130048, 42433, -129905, -118819, 72685, 130008, 89671, -100749, -129908, -26998, 129450, 123271, -70558, -130029, -55273, 124226, 124796, -56231, -130045, -48851, 123683, 115786, -68428, -128464, 3557, 124460, 53851, -74730, -78013, 14731, 55467, 23461, -15701, -31669, -15740, 9381, 27665, 26624, -9678, -43831, -26213, 34516, 55918, -6085, -61732, -33406, 43306, 64003, -6393, -69702, -29360, 47672, 52846, -15040, -55879, -17142, 36326, 40366, -6603, -43858, -18149, 26323, 28537, -3917, -28272, -15339, 13828, 23891, 5558, -21423, -17256, 10549, 18897, 3158, -14346, -10777, 5077, 8292, 3678, -4266, -6576, -568, 4284, 5176, 579, -4468, -4475, -1580, 5577, 7708, -3646, -10505, -2451
1602200896.044, MrmFullScanInfo, 16, 107, 1970351, 0, 0, 0, 0, 10000, 21718, 32, 2, 2, 1, 192, 0, 0, 0, 0, 0, 0, 32639, -58252, -60663, 123459, 72881, -141141, -83119, 98453, 104748, -23143, -134862, -45064, 157698, 84891, -158877, -100154, 132723, 106067, -80442, -102751, 9235, 74892, 65455, -18559, -123316, -45048, 150983, 89388, -152663, -107667, 142463, 107771, -129693, -101669, 115548, 98556, -97015, -102298, 68236, 112895, -24799, -123991, -28170, 118183, 79105, -79117, -120682, 13359, 149470, 51274, -156473, -93616, 131017, 115570, -73341, -128653, 379, 126853, 66186, -91216, -108315, 20151, 109835, 61239, -65172, -117833, -8077, 122655, 79034, -70921, -118454, -12235, 105999, 88126, -44177, -126542, -37127, 112934, 105882, -54642, -149352, -18839, 160532, 78390, -129090, -114339, 57616, 126535, 28628, -107839, -100208, 54752, 142032, 15794, -147075, -78136, 110037, 118363, -39407, -127054, -39132, 93958, 94210, -23324, -101917, -56982, 58650, 108412, 14458, -105014, -83509, 49246, 118968, 29540, -104777, -96525, 46639, 129630, 28614, -121379, -89850, 78081, 117399, -19314, -107201, -30268, 69071, 52964, -22565, -46146, -11414, 21481, 20482, 3063, -6655, -12543, -16096, 2205, 30813, 20679, -26639, -41896, 3636, 48897, 27633, -36995, -51981, 10612, 58147, 19335, -44073, -40503, 16424, 44983, 13238, -32961, -33262, 11511, 36967, 9725, -25534, -22583, 6364, 23283, 11519, -13743, -21329, 123, 20711, 10980, -12296, -15539, 1802, 13077, 5610, -6268, -7755, -630, 5412, 4273, -1223, -3790, -1626, 517, 1214, 3094
1602200896.044, MrmFullScanInfo, 16, 107, 1970351, 0, 0, 0, 0, 10000, 21718, 32, 4, 2, 1, 192, 0, 0, 0, 0, 0, 0, 455, 22, -697, -364, 618, 1314, -595, -2430, 702, 2819, -469, -2179, -504, 1221, 1868, -717, -2835, 745, 2904, -857, -2173, 654, 1156, -167, -242, -276, -601, 524, 1523, -725, -2319, 936, 2680, -1030, -2684, 984, 2579, -875, -2328, 783, 1770, -416, -1031, -529, 559, 1719, -483, -2301, 307, 1921, 511, -1188, -1743, 774, 2518, -712, -2246, 517, 1215, 55, -108, -702, -637, 953, 948, -512, -917, -379, 745, 1087, -442, -1129, -66, 522, 619, 554, -991, -1812, 1180, 2580, -1008, -2365, -56, 1625, 1805, -1016, -3026, 371, 2888, 727, -1760, -1869, 250, 2335, 1581, -2150, -3359, 1714, 4148, -1155, -3442, 472, 1856, 115, -447, -191, -279, -344, 466, 1055, -133, -1375, -953, 1252, 2434, -862, -3342, 22, 3152, 1210, -2163, -2092, 938, 2035, 127, -1204, -721, 165, 752, 711, -437, -1196, 124, 1147, -31, -629, 201, -35, -524, 498, 824, -585, -939, 399, 815, -155, -527, -1, 161, 32, 158, 37, -315, -156, 303, 229, -189, -209, 70, 160, 24, -179, -57, 292, -16, -415, 192, 469, -368, -443, 440, 381, -367, -285, 209, 159, -58, -23, -17, -105, 16, 229, 26, -345, -56, 420
1602200896.107, MrmFullScanInfo, 17, 107, 1970401, 0, 0, 0, 0, 10000, 21718, 32, 1, 2, 1, 192, -66767, 128394, 74205, -128125, -97828, 124648, 118862, -115083, -130048, 30883, 130033, 66381, -125410, -103333, 122249, 123197, -110305, -129587, 88235, 130014, -45263, -130048, -37237, 124022, 127295, 102827, -124109, -128631, 76498, 129188, -84967, -128795, 86793, 127863, -103913, -129493, 84509, 129741, -64878, -129903, 34511, 130048, 8877, -129881, -103953, 120338, 130048, -33989, -130048, -85795, 129701, 124956, -121738, -129853, 80688, 130048, -15589, -130048, -68973, 128512, 128283, -84940, -130048, -105221, 126236, 129957, 17201, -129965, -124722, 109413, 130048, 19814, -130048, -129033, 95256, 130048, 87071, -126726, -130005, 54505, 130048, 37329, -130024, -112523, 128104, 129620, -93738, -130048, -17859, 129732, 123130, -87182, -130048, -32609, 130046, 113986, -119365, -129560, 60630, 130048, 43341, -129841, -119775, 71346, 130041, 90115, -101091, -129909, -30233, 129621, 123718, -73300, -130048, -56434, 124809, 124923, -58559, -130032, -49815, 123592, 116152, -69734, -128433, 3257, 125053, 57330, -76244, -78754, 14698, 56166, 23831, -16282, -32476, -15836, 10081, 28232, 26232, -11234, -44548, -25303, 34263, 55908, -6699, -62235, -33634, 43190, 64030, -7446, -69452, -28390, 48293, 52546, -15321, -56071, -17081, 37137, 40800, -6356, -43909, -18400, 26063, 28499, -4236, -28576, -14795, 13941, 23914, 5648, -21281, -17095, 10800, 18825, 3228, -14322, -10942, 5066, 8285, 3471, -4529, -6612, -294, 4019, 4875, 886, -4448, -4288, -1467, 5491, 7510, -3352, -10470, -2350
1602200896.107, MrmFullScanInfo, 17, 107, 1970401, 0, 0, 0, 0, 10000, 21718, 32, 2, 2, 1, 192, 0, 0, 0, 0, 0, 0, 33392, -58542, -62042, 124160, 74098, -142078, -83579, 99306, 104533, -23613, -134414, -45069, 157407, 85187, -158697, -100471, 132348, 106376, -79852, -103188, 8840, 75460, 65263, -19019, -122648, -44950, 150271, 89675, -152236, -108132, 142279, 108194, -129463, -101972, 114991, 98787, -95785, -102635, 66194, 113511, -22436, -124797, -29958, 118832, 79829, -79354, -120639, 13237, 149153, 51535, -156053, -93860, 130057, 115906, -71391, -129324, -2183, 127817, 68295, -92024, -109188, 20380, 109600, 61627, -64476, -118493, -8640, 123128, 79091, -70931, -117844, -12670, 104862, 88837, -43009, -127253, -37824, 113328, 106063, -54602, -149291, -19134, 160447, 78634, -128964, -114286, 57310, 125840, 29243, -106254, -101131, 52604, 143000, 17689, -147648, -79208, 109887, 118642, -38608, -126835, -40195, 93520, 94931, -22833, -101780, -57677, 57742, 109495, 15468, -106192, -84212, 49993, 119561, 29333, -105380, -96635, 47040, 129956, 28560, -121644, -90165, 77802, 118191, -18372, -108369, -31438, 70094, 53903, -22924, -46734, -11790, 21680, 21245, 3346, -7386, -13271, -15631, 3055, 30657, 20105, -26726, -41789, 3875, 49244, 27351, -37669, -51750, 11379, 58058, 18794, -44141, -40374, 16562, 45171, 13117, -33197, -33214, 11593, 37049, 9801, -25780, -22697, 6706, 23339, 11243, -13748, -21224, 148, 20730, 10905, -12325, -15474, 1768, 13090, 5714, -6379, -7914, -425, 5595, 4015, -1362, -3574, -1585, 458, 1260, 2971
1602200896.107, MrmFullScanInfo, 17, 107, 1970401, 0, 0, 0, 0, 10000, 21718, 32, 4, 2, 1, 192, 0, 0, 0, 0, 0, 0, 878, -272, -1548, 549, 1348, -438, -613, -47, 22, 563, 264, -788, -457, 715, 848, -548, -1364, 553, 1540, -705, -1030, 728, 104, -427, 613, -66, -884, 484, 919, -695, -993, 731, 1191, -664, -1505, 584, 2096, -639, -2769, 870, 2871, -925, -2052, 433, 874, 410, -128, -986, -170, 985, 535, -681, -1480, 592, 2731, -888, -3268, 1123, 2490, -783, -902, -17, -436, 730, 990, -857, -843, 372, 293, 327, 448, -782, -1120, 837, 1341, -441, -1027, -330, 616, 1026, -340, -1170, -47, 822, 708, -291, -1323, -573, 1589, 1839, -1507, -2796, 1035, 2709, -27, -1820, -1260, 856, 2138, -137, -2157, -317, 1310, 542, -9, -725, -991, 885, 1165, -709, -761, 178, 277, 282, 241, -434, -769, 362, 1035, 93, -1018, -900, 1023, 1526, -1005, -1489, 679, 949, -60, -337, -509, -200, 766, 659, -717, -914, 545, 793, -377, -354, 247, -127, -121, 498, 11, -726, 59, 759, -58, -529, 21, 162, -9, 84, 22, -88, -49, -50, 128, 166, -244, -184, 313, 148, -264, -133, 162, 175, -116, -216, 146, 183, -185, -70, 189, -67, -179, 198, 172, -284, -132, 282, 56, -167, 15, 17
1602200896.138, MrmFullScanInfo, 18, 107, 1970451, 0, 0, 0, 0, 10000, 21718, 32, 1, 2, 1, 192, -65888, 128543, 75507, -128258, -97067, 123902, 119089, -114885, -130048, 31934, 130040, 68803, -124471, -105722, 123314, 123289, -110580, -129649, 87166, 130033, -43914, -130048, -37949, 123702, 127774, 101720, -124851, -129019, 75200, 129329, -85148, -128673, 88125, 127134, -103411, -129381, 83635, 129897, -64435, -130048, 35286, 130048, 6111, -129973, -107334, 118896, 129856, -33183, -130048, -85529, 129422, 125171, -121327, -129706, 79689, 130048, -13869, -130044, -68982, 128544, 128467, -81259, -130048, -107114, 126127, 130048, 17957, -129767, -125801, 108249, 130048, 20172, -130048, -128483, 95463, 129851, 88939, -127518, -129889, 53656, 130048, 36555, -130047, -113082, 127635, 129689, -92695, -130048, -18804, 129646, 123135, -87536, -130036, -32080, 130034, 114039, -119040, -129888, 60481, 130048, 43676, -129825, -119361, 72605, 130029, 89896, -101139, -130045, -28828, 129270, 123995, -69625, -130043, -56157, 125497, 124987, -57657, -130048, -50320, 123400, 115903, -69257, -128464, 4484, 124994, 55221, -75781, -78112, 15630, 55809, 23412, -16319, -32353, -16226, 9967, 27988, 26709, -10891, -44215, -25127, 34406, 55675, -6995, -62379, -32611, 44630, 64002, -7490, -69687, -28451, 47677, 52688, -14946, -56057, -16661, 37230, 40518, -6933, -44219, -18233, 26627, 28441, -4020, -28478, -15066, 14043, 23840, 6141, -21484, -17225, 11005, 18767, 2829, -14569, -10928, 5083, 8210, 3512, -4815, -6534, -250, 3944, 4668, 667, -4358, -4325, -1460, 5747, 7642, -3248, -10640, -2598
1602200896.138, MrmFullScanInfo, 18, 107, 1970451, 0, 0, 0, 0, 10000, 21718, 32, 2, 2, 1, 192, 0, 0, 0, 0, 0, 0, 33420, -58473, -62108, 124030, 74171, -141902, -83603, 98836, 104561, -22574, -134706, -46419, 157994, 86202, -159111, -100898, 132078, 106497, -78931, -103381, 7739, 75862, 66019, -19463, -122816, -44742, 150081, 89730, -152119, -108144, 142336, 107984, -129393, -101733, 114673, 98768, -95654, -102757, 66522, 113441, -22815, -124368, -30113, 118249, 80494, -78913, -121233, 13040, 149250, 51615, -155529, -94018, 129084, 116223, -70355, -129501, -2957, 127261, 68848, -90556, -109718, 18609, 109981, 62822, -64378, -118777, -9269, 122814, 79913, -70557, -118331, -12857, 104702, 88959, -42366, -127475, -38477, 113578, 106360, -54696, -149166, -19279, 159969, 78980, -128280, -114706, 56660, 126245, 29627, -106591, -101170, 52799, 142799, 17702, -147376, -79394, 109688, 118929, -38574, -127207, -40043, 93934, 94751, -23201, -101819, -57161, 57970, 108513, 15441, -104891, -84591, 48964, 119995, 29734, -105439, -96587, 46710, 129822, 28948, -121803, -90266, 78485, 117889, -19435, -107887, -30412, 69811, 53191, -23003, -46340, -11472, 21523, 20883, 3337, -7112, -13188, -15781, 3001, 30780, 20156, -26991, -41954, 4321, 49533, 26850, -37935, -51333, 11470, 57785, 18876, -44059, -40543, 16677, 45361, 12944, -33407, -33153, 11831, 37101, 9587, -25822, -22556, 6658, 23249, 11377, -13665, -21436, 73, 21001, 10946, -12590, -15482, 1942, 13094, 5684, -6414, -8009, -353, 5751, 3943, -1517, -3524, -1465, 414, 1178, 3011
1602200896.138, MrmFullScanInfo, 18, 107, 1970451, 0, 0, 0, 0, 10000, 21718, 32, 4, 2, 1, 192, 0, 0, 0, 0, 0, 0, 342, -41, -620, 113, 551, -79, -216, -341, -11, 1096, -156, -1537, 438, 1229, -196, -600, -625, 291, 1327, -409, -1337, 630, 694, -574, 107, 174, -510, 228, 391, -247, -196, 23, 377, 39, -747, 152, 806, -323, -635, 231, 663, 87, -918, -392, 992, 531, -632, -486, 29, 382, 690, -364, -1449, 503, 1974, -482, -1948, -144, 1480, 1163, -894, -1750, 265, 1441, 409, -600, -885, -138, 880, 431, -280, -418, -591, 407, 1126, -403, -995, 196, 476, 180, 38, -471, -482, 565, 850, -462, -992, 147, 842, 356, -531, -812, 197, 962, 158, -788, -478, 522, 608, -338, -476, 231, 220, -136, -12, 228, -152, -606, 412, 957, -677, -877, 608, 439, -118, -72, -425, 14, 602, -207, -363, 465, 35, -587, 86, 507, 23, -337, -146, 208, 142, -157, -62, 179, -14, -236, 63, 257, -2, -113, -212, -185, 456, 469, -551, -551, 481, 398, -315, -131, 91, -104, 120, 229, -173, -251, 49, 221, 101, -149, -141, 75, 81, -47, 29, 56, -157, -34, 244, -19, -229, 44, 120, -8, 33, -70, -160, 153, 222, -179, -204, 149, 139, -89, -71, 19
1602200896.200, MrmFullScanInfo, 19, 107, 1970501, 0, 0, 0, 0, 10000, 21718, 32, 1, 2, 1, 192, -65568, 127914, 77897, -127465, -97159, 124645, 118731, -113837, -130048, 30103, 130012, 69578, -125176, -103497, 122121, 123247, -110104, -129541, 84641, 130048, -43705, -130048, -38183, 123784, 127863, 102174, -124641, -129000, 74270, 128740, -84519, -128692, 86248, 127866, -101599, -129065, 83457, 129703, -63322, -129941, 31472, 129974, 8516, -129850, -106640, 118706, 130034, -32442, -130048, -88915, 129672, 124990, -120519, -129931, 79814, 130048, -12040, -129994, -68385, 128388, 128740, -81133, -130048, -106585, 125836, 129794, 21041, -129860, -125307, 108711, 130048, 19684, -130048, -129218, 95267, 129932, 88498, -126673, -129920, 52630, 130048, 38087, -130023, -113089, 127431, 129530, -92605, -130048, -20512, 129414, 123121, -87242, -130048, -33793, 130034, 113946, -119635, -129466, 59078, 129978, 43123, -129804, -119455, 72921, 130004, 89031, -100260, -130032, -28122, 129320, 124320, -70838, -130048, -54205, 125079, 125121, -57643, -130020, -50181, 124242, 114966, -71152, -128600, 4946, 125240, 54256, -75154, -78577, 15463, 56105, 23864, -16348, -32365, -15662, 9686, 27804, 26457, -11068, -44374, -25701, 34842, 55708, -6635, -62295, -32979, 44102, 63975, -7636, -69305, -28760, 47921, 52601, -15386, -56094, -17094, 37272, 40676, -6628, -43930, -17904, 26280, 28402, -4047, -28197, -15058, 13951, 23836, 5924, -21757, -17031, 10513, 18900, 3129, -14354, -10918, 5038, 8318, 3627, -4719, -6653, -102, 4105, 4890, 909, -4472, -4368, -1766, 5304, 7462, -3294, -10491, -2591
1602200896.200, MrmFullScanInfo, 19, 107, 1970501, 0, 0, 0, 0, 10000, 21718, 32, 2, 2, 1, 192, 0, 0, 0, 0, 0, 0, 33710, -58476, -62573, 123907, 74524, -141367, -83895, 98021, 104882, -22080, -134808, -46277, 157463, 85799, -157898, -100796, 130658, 106812, -77885, -103800, 7320, 76034, 65949, -19337, -122445, -44979, 149430, 89981, -151105, -108512, 141047, 108519, -128111, -102258, 113440, 99135, -94107, -103109, 64550, 113952, -20980, -124863, -31175, 118170, 80844, -77934, -121397, 11524, 149506, 52918, -155651, -94680, 128790, 116402, -69741, -129492, -3548, 127235, 69139, -90588, -109506, 18660, 109165, 62948, -63258, -119208, -10098, 123341, 80123, -70814, -118168, -12943, 104557, 89044, -42363, -127119, -38509, 112722, 106580, -53722, -149483, -19930, 160058, 79193, -127898, -114695, 55927, 126122, 30355, -106259, -101694, 52288, 143096, 18128, -147400, -79553, 109456, 118927, -38276, -127256, -40132, 94135, 94546, -23473, -101460, -57042, 57708, 108812, 15398, -105662, -84195, 49897, 119413, 29133, -105067, -96638, 46869, 130468, 28308, -122761, -89468, 79390, 117231, -19981, -107462, -30330, 69602, 53471, -22981, -46762, -11363, 21890, 20728, 3105, -6971, -13055, -15903, 2907, 30861, 20199, -26952, -41914, 4167, 49427, 27004, -37798, -51438, 11349, 57872, 18940, -44114, -40536, 16651, 45329, 12997, -33397, -33114, 11859, 36949, 9518, -25639, -22472, 6515, 23208, 11441, -13703, -21369, 145, 20795, 10910, -12327, -15485, 1739, 13079, 5787, -6341, -8044, -463, 5740, 4025, -1477, -3561, -1506, 452, 1191, 2937
1602200896.200, MrmFullScanInfo, 19, 107, 1970501, 0, 0, 0, 0, 10000, 21718, 32, 4, 2, 1, 192, 0, 0, 0, 0, 0, 0, 376, -4, -628, -104, 504, 511, -347, -917, 310, 863, -173, -398, -325, 33, 1066, -100, -1564, 394, 1474, -539, -898, 390, 213, -97, 371, -143, -797, 302, 1104, -419, -1284, 493, 1333, -459, -1415, 382, 1722, -433, -2043, 545, 1920, -402, -1302, -246, 688, 1131, -396, -1606, 263, 1361, 130, -749, -778, 340, 1224, -127, -1155, -151, 724, 475, -87, -633, -687, 642, 1228, -610, -1136, 448, 545, -108, 29, -203, -321, 206, 377, 196, -362, -715, 357, 940, -260, -738, -109, 376, 668, -150, -1023, -30, 942, 356, -630, -647, 313, 621, 28, -340, -326, 141, 392, -174, -133, 322, -203, -369, 357, 256, -260, 15, 47, -367, 174, 597, -347, -460, 288, -42, 67, 625, -489, -1047, 726, 1150, -699, -876, 501, 375, -219, 89, -45, -322, 198, 324, -223, -207, 177, 94, -134, -30, 114, 5, -75, -14, 48, 45, -74, -36, 85, -6, -30, 42, -28, -46, 33, 63, -27, -96, 68, 131, -122, -146, 141, 129, -127, -71, 90, -4, -6, 44, -95, -26, 154, 0, -135, -11, 102, 48, -87, -59, 70, 27, -34, 4, 11, 15, -15, -69
1602200896.263, MrmFullScanInfo, 20, 107, 1970551, 0, 0, 0, 0, 10000, 21718, 32, 1, 2, 1, 192, -67617, 128115, 76142, -127713, -97121, 123844, 119875, -113488, -130048, 28096, 130048, 68905, -125267, -106397, 121928, 123953, -108861, -129560, 85445, 130012, -43939, -130048, -43222, 123470, 127685, 103918, -123919, -129006, 73717, 128827, -82067, -128718, 86332, 127226, -102533, -128996, 84683, 129882, -61926, -129843, 30938, 130048, 9986, -129731, -108004, 119158, 129958, -29174, -130048, -87350, 129700, 125540, -121726, -129858, 77883, 130048, -11468, -130042, -69487, 128222, 128410, -80115, -130048, -109037, 125703, 130048, 20326, -129883, -125037, 108374, 130048, 21972, -130048, -129226, 94346, 129794, 90468, -127197, -129960, 49656, 130048, 37672, -130030, -113490, 127451, 129717, -91124, -130048, -23372, 129485, 123163, -87223, -130029, -32953, 130033, 115077, -119300, -129602, 57997, 130048, 46285, -129763, -119206, 70408, 130041, 92343, -100172, -129859, -31472, 129496, 124320, -69098, -130047, -54904, 124761, 125390, -55127, -130046, -50886, 123582, 116659, -69463, -128296, 5502, 124930, 54847, -74370, -78559, 13959, 55756, 24775, -16803, -32958, -16015, 9677, 27176, 26400, -10444, -44473, -25809, 35270, 55823, -7651, -62418, -32956, 43816, 63433, -7406, -69283, -29193, 47142, 52912, -15176, -56212, -16888, 37225, 40592, -6605, -43867, -17831, 26116, 28660, -4062, -28394, -15046, 13754, 23726, 6057, -21468, -17081, 10772, 18941, 2932, -14393, -10993, 5132, 8150, 3605, -4643, -6577, -404, 4045, 5022, 564, -4325, -4059, -1445, 5481, 7560, -3306, -10563, -2739
1602200896.263, MrmFullScanInfo, 20, 107, 1970551, 0, 0, 0, 0, 10000, 21718, 32, 2, 2, 1, 192, 0, 0, 0, 0, 0, 0, 33660, -58367, -62586, 123538, 74815, -140767, -84419, 97256, 105427, -21122, -135187, -47405, 157632, 86874, -157950, -101471, 130415, 107049, -76966, -103828, 5792, 75994, 67347, -19130, -122913, -45450, 148852, 90611, -150035, -109044, 140304, 108671, -128050, -101989, 113680, 98735, -94042, -102939, 63898, 114192, -19949, -125244, -32185, 118243, 81572, -77571, -121885, 11043, 149799, 53183, -155602, -94783, 128256, 116535, -68879, -129676, -4328, 127131, 69628, -89862, -109859, 17482, 109632, 63955, -63810, -119447, -9750, 122719, 80158, -69767, -118304, -13886, 104317, 89523, -41624, -127025, -39445, 112163, 107356, -53019, -149840, -20482, 159717, 79631, -126790, -115187, 54469, 126733, 31469, -106783, -102092, 52429, 142913, 18456, -146773, -80191, 108411, 119499, -37005, -127186, -41307, 93054, 95290, -21707, -101520, -58638, 57045, 109562, 16419, -105462, -84930, 49086, 119391, 30069, -104180, -97286, 45451, 130625, 29684, -122496, -90302, 78918, 117253, -19472, -106744, -30834, 68467, 53938, -21873, -47159, -12095, 22216, 20980, 2820, -6832, -12804, -16314, 2756, 31427, 20182, -27534, -41728, 4619, 49120, 26721, -37423, -51240, 10948, 57703, 19307, -44004, -40777, 16646, 45396, 12923, -33325, -33022, 11709, 36889, 9684, -25641, -22573, 6580, 23182, 11358, -13571, -21343, 2, 20862, 10987, -12454, -15495, 1864, 13067, 5672, -6341, -7904, -477, 5586, 4116, -1363, -3738, -1541, 634, 1173, 2833
1602200896.263, MrmFullScanInfo, 20, 107, 1970551, 0, 0, 0, 0, 10000, 21718, 32, 4, 2, 1, 192, 0, 0, 0, 0, 0, 0, 69, 114, -205, -430, 439, 832, -643, -1137, 676, 1260, -448, -1205, 15, 1015, 391, -676, -837, 375, 1429, -214, -1805, 69, 1446, 213, -335, -544, -857, 736, 1487, -679, -1252, 345, 581, 83, -284, -254, 697, 17, -1407, 437, 1727, -535, -1449, -16, 934, 799, -612, -1106, 405, 794, 53, -382, -748, 236, 1211, -197, -1093, -169, 661, 860, -320, -1334, 179, 1177, -93, -438, -45, -441, 201, 981, -118, -995, -313, 525, 804, 214, -1013, -876, 894, 1084, -470, -826, -353, 557, 1330, -529, -1815, 602, 1444, -424, -610, -43, -84, 500, 645, -719, -1157, 600, 1393, 13, -1194, -958, 644, 1620, 80, -1496, -744, 772, 1001, 21, -613, -540, -210, 736, 1030, -662, -1387, 402, 1159, -133, -524, -41, -271, 185, 937, -368, -1245, 508, 1109, -525, -655, 457, 154, -377, 223, 312, -474, -193, 611, 6, -592, 185, 435, -319, -270, 403, 198, -440, -161, 401, 96, -254, -3, 73, -69, 55, 113, -114, -114, 117, 67, -53, 3, -51, -43, 125, 32, -121, 12, 67, -47, -10, 61, -16, -76, 26, 117, -50, -142, 116, 114, -186, -39, 193, -20, -129
1602200896.294, MrmFullScanInfo, 21, 107, 1970601, 0, 0, 0, 0, 10000, 21718, 32, 1, 2, 1, 192, -69410, 127733, 77443, -127228, -98035, 123997, 120003, -114443, -130041, 28323, 130040, 70957, -124837, -104916, 122206, 122987, -108316, -129607, 83874, 130043, -41609, -130048, -38487, 124198, 127970, 101243, -124358, -129302, 74261, 129081, -83364, -128592, 86089, 127785, -101915, -129739, 82806, 129990, -64676, -130028, 33526, 129836, 13459, -129729, -107998, 118415, 130030, -32278, -130048, -89346, 129552, 126132, -120127, -130048, 80054, 130048, -12502, -130020, -74648, 127875, 128203, -80803, -130048, -107609, 126103, 130048, 21045, -129816, -126209, 107560, 130048, 20089, -130048, -129514, 90957, 129794, 90913, -126227, -130000, 51795, 130047, 39660, -130004, -114401, 127225, 129706, -93312, -130048, -20702, 129717, 124625, -85141, -130048, -33750, 130045, 114413, -119781, -129205, 57008, 130048, 44358, -129806, -118673, 71493, 130018, 90369, -99458, -129836, -30108, 129574, 124813, -69868, -130009, -56626, 124171, 125596, -54886, -130037, -50189, 123682, 114901, -71678, -128237, 4401, 123829, 54309, -73194, -78024, 12814, 55449, 24779, -16815, -32880, -15415, 9361, 26445, 26595, -9396, -44738, -26437, 34834, 56326, -7066, -62325, -32947, 43503, 63842, -6350, -68876, -30067, 47265, 52795, -14774, -56131, -17293, 36988, 40804, -6254, -43662, -18142, 25928, 28353, -3576, -28484, -15195, 13594, 23785, 6053, -21262, -17280, 10551, 18919, 3347, -14431, -11106, 5076, 8351, 3786, -4658, -6928, -385, 4491, 5109, 371, -4697, -4176, -1506, 5347, 7390, -3127, -10348, -2910
1602200896.294, MrmFullScanInfo, 21, 107, 1970601, 0, 0, 0, 0, 10000, 21718, 32, 2, 2, 1, 192, 0, 0, 0, 0, 0, 0, 34064, -58500, -63264, 123938, 75330, -141210, -84543, 97377, 105316, -20964, -135039, -47436, 157339, 86627, -157201, -101286, 129434, 107206, -76555, -104292, 6406, 76589, 66186, -19722, -122140, -44958, 148889, 90273, -150610, -108904, 140744, 108870, -128075, -102537, 113806, 99258, -94651, -103018, 64528, 113872, -19908, -125102, -32787, 118641, 82046, -78170, -121842, 11203, 149479, 53655, -155588, -95382, 128533, 116795, -68736, -129745, -5308, 127517, 70875, -90712, -110520, 18419, 109458, 63372, -63072, -119433, -10555, 123186, 80396, -70345, -117578, -13632, 102903, 89832, -40300, -127627, -40081, 112486, 107383, -52697, -149845, -21229, 160333, 80140, -128061, -114962, 55718, 125796, 31010, -105657, -102512, 51749, 143578, 18448, -147154, -79790, 108559, 119163, -37270, -127244, -40723, 93596, 94554, -22515, -100940, -57988, 56844, 109238, 16259, -105239, -84628, 48718, 119186, 30534, -104320, -97700, 46066, 130934, 28685, -122659, -89171, 78914, 116165, -19375, -105741, -30897, 67644, 53980, -21404, -47279, -12112, 22516, 20615, 2311, -6289, -12156, -16759, 2101, 31579, 20697, -27375, -41947, 4286, 48915, 27090, -36851, -51550, 10283, 57844, 19759, -43889, -40910, 16315, 45284, 13279, -33097, -33199, 11482, 36797, 9846, -25352, -22665, 6273, 23204, 11519, -13506, -21299, -143, 20656, 11168, -12181, -15639, 1613, 13102, 5862, -6215, -8041, -755, 5673, 4454, -1382, -4022, -1603, 817, 1296, 2705
1602200896.294, MrmFullScanInfo, 21, 107, 1970601, 0, 0, 0, 0, 10000, 21718, 32, 4, 2, 1, 192, 0, 0, 0, 0, 0, 0, 413, -88, -728, 241, 667, -149, -362, -265, 140, 590, -13, -467, -277, 143, 849, -74, -1219, 284, 883, -516, -38, 596, -608, -495, 623, 281, -259, -60, -45, -109, 14, 314, 127, -492, 99, 400, -428, -45, 172, -172, 637, -59, -1111, 419, 800, -355, -167, -183, -176, 709, 22, -705, 34, 332, 549, -141, -1350, 342, 1472, -562, -780, 471, -68, -166, 629, -124, -747, 271, 273, -183, 688, -131, -1524, 509, 1620, -528, -1012, 14, 359, 701, -179, -1032, 488, 705, -788, 29, 593, -704, 59, 949, -631, -674, 621, 166, -132, 130, -293, -107, 273, -34, 105, 130, -458, -128, 592, 24, -491, 5, 244, 226, 48, -598, -271, 779, 252, -677, 64, 436, -512, -152, 877, -101, -1143, 246, 1333, -255, -1297, 257, 914, -320, -298, 467, -278, -645, 613, 762, -621, -724, 387, 512, -69, -139, -167, -338, 271, 736, -240, -836, 82, 605, 154, -228, -334, -88, 332, 258, -135, -283, -130, 221, 306, -122, -294, 7, 135, 114, 61, -194, -198, 209, 248, -147, -221, 29, 154, 134, -84, -293, 25, 382, 30, -357, -79, 260, 117, -176
1602200896.356, MrmFullScanInfo, 22, 107, 1970651, 0, 0, 0, 0, 10000, 21718, 32, 1, 2, 1, 192, -68039, 128186, 78604, -127635, -98191, 124124, 120532, -113971, -130043, 29360, 130048, 70363, -124748, -104908, 121716, 123472, -108378, -129726, 82685, 130048, -41285, -130048, -42486, 123613, 128047, 102017, -124267, -129020, 74474, 128850, -83023, -128609, 85228, 128045, -101355, -129278, 80734, 129915, -62084, -130048, 29914, 129820, 13061, -129933, -108753, 118543, 130042, -32479, -130048, -89836, 129659, 125256, -120240, -129928, 78500, 130044, -11046, -130044, -71740, 127884, 128476, -79019, -130048, -105719, 125744, 129561, 23297, -130037, -125800, 107045, 130048, 22534, -130035, -128520, 91894, 129344, 91865, -125913, -129985, 52834, 130048, 40446, -129978, -114702, 127208, 129636, -90645, -130048, -22105, 129558, 124037, -84486, -130048, -33892, 130003, 113208, -117513, -129743, 56660, 129680, 47103, -129489, -118660, 70469, 130017, 92534, -100101, -129774, -31471, 129260, 124293, -71191, -130048, -57268, 124245, 125829, -53746, -130036, -50390, 124418, 114511, -72152, -128154, 6766, 123827, 54604, -72963, -77676, 12142, 55906, 25923, -16698, -33749, -15460, 10049, 26700, 26510, -9955, -45223, -26261, 35191, 56059, -7807, -62506, -32963, 43005, 63511, -6709, -69302, -30362, 46765, 53458, -15236, -56493, -17451, 37172, 40770, -6308, -43680, -17916, 25819, 28660, -3609, -28093, -15536, 13609, 24176, 6179, -21336, -17236, 10779, 18838, 3145, -14809, -10817, 5238, 8224, 3612, -4220, -6657, -506, 4400, 4905, 149, -4616, -3961, -1361, 5186, 7451, -3154, -10410, -3016
1602200896.356, MrmFullScanInfo, 22, 107, 1970651, 0, 0, 0, 0, 10000, 21718, 32, 2, 2, 1, 192, 0, 0, 0, 0, 0, 0, 34186, -58612, -63531, 124172, 75611, -141558, -84686, 97823, 105215, -21352, -134746, -47326, 156982, 86832, -156835, -101651, 128824, 107580, -75412, -104623, 4872, 76847, 67559, -19855, -122873, -44955, 148936, 90385, -150164, -109118, 139969, 109137, -126939, -102848, 112093, 99733, -92435, -103755, 62401, 114710, -18510, -125728, -33310, 118866, 82048, -78090, -121716, 11099, 149325, 53596, -155175, -95273, 127891, 116835, -68348, -129739, -5128, 127212, 70401, -90319, -110003, 18315, 108759, 63197, -62204, -119114, -11300, 122664, 80901, -69731, -117924, -13957, 103024, 89770, -40126, -127485, -40388, 112438, 107585, -52646, -149747, -21411, 159720, 80488, -126967, -115403, 54598, 126096, 31682, -105684, -102543, 51602, 142980, 18656, -145995, -80068, 107077, 119453, -35862, -127233, -41791, 93031, 95212, -21568, -101251, -58902, 56878, 109867, 16360, -105544, -84654, 48700, 119034, 30856, -104051, -98228, 45889, 131641, 28577, -123519, -88773, 79766, 115607, -19941, -105137, -30796, 67015, 54253, -20721, -47696, -12806, 22820, 21183, 2282, -6588, -12424, -16788, 2544, 31864, 20239, -27760, -41588, 4596, 48711, 26936, -36749, -51534, 10146, 57939, 20024, -44067, -41234, 16515, 45555, 13136, -33256, -33132, 11543, 36769, 9828, -25275, -22649, 6084, 23197, 11794, -13544, -21573, -82, 20887, 11151, -12396, -15706, 1862, 13234, 5559, -6355, -7739, -658, 5475, 4435, -1350, -4088, -1512, 938, 1170, 2581
1602200896.356, MrmFullScanInfo, 22, 107, 1970651, 0, 0, 0, 0, 10000, 21718, 32, 4, 2, 1, 192, 0, 0, 0, 0, 0, 0, 278, -153, -539, 357, 517, -464, -244, 418, -90, -228, 314, -14, -457, 213, 660, -357, -1026, 460, 1400, -519, -1440, 492, 1048, -348, -470, 152, 4, 40, 323, -210, -672, 361, 1132, -502, -1638, 644, 1979, -751, -1939, 734, 1518, -607, -864, 392, 264, -122, 94, -87, -252, 157, 424, -141, -583, 157, 532, -39, -290, -160, 74, 126, 218, 153, -721, -307, 1109, 301, -1031, -397, 604, 488, -68, -316, -468, 109, 777, -88, -654, 25, 290, 250, 60, -535, -399, 596, 696, -400, -766, -13, 600, 371, -238, -404, -350, 238, 1069, -181, -1526, 213, 1429, -5, -952, -455, 437, 800, -84, -812, -111, 574, 139, -195, 21, -245, -235, 601, 302, -757, -72, 846, -369, -898, 768, 803, -990, -475, 1076, 26, -1071, 336, 981, -504, -773, 457, 447, -261, -67, 16, -247, 166, 403, -253, -379, 290, 222, -316, -33, 368, -87, -442, 134, 482, -120, -401, 67, 233, -7, -60, 5, -43, -71, 63, 192, -30, -304, 0, 331, 1, -253, -11, 155, 62, -117, -125, 162, 145, -238, -89, 261, -15, -178, 126, 37, -196, 63, 212, -78, -184
