<?xml version='1.0' encoding='utf-8'?>
<project xmlns:ns1="http://www.plcopen.org/xml/tc6_0201" xmlns:xhtml="http://www.w3.org/1999/xhtml" xmlns:xsd="http://www.w3.org/2001/XMLSchema" xmlns="http://www.plcopen.org/xml/tc6_0201">
  <fileHeader companyName="Unknown" productName="Unnamed" productVersion="1" creationDateTime="2021-02-18T09:32:24"/>
  <contentHeader name="Unnamed" modificationDateTime="2021-02-23T14:51:18">
    <coordinateInfo>
      <fbd>
        <scaling x="10" y="10"/>
      </fbd>
      <ld>
        <scaling x="10" y="10"/>
      </ld>
      <sfc>
        <scaling x="10" y="10"/>
      </sfc>
    </coordinateInfo>
  </contentHeader>
  <types>
    <dataTypes/>
    <pous>
      <pou name="program3" pouType="program">
        <interface>
          <localVars>
            <variable name="red_ns" address="%QX100.0">
              <type>
                <BOOL/>
              </type>
            </variable>
            <variable name="yellow_ns" address="%QX100.1">
              <type>
                <BOOL/>
              </type>
            </variable>
            <variable name="green_ns" address="%QX100.2">
              <type>
                <BOOL/>
              </type>
            </variable>
            <variable name="red_ew" address="%QX0.0">
              <type>
                <BOOL/>
              </type>
              <initialValue>
                <simpleValue value="true"/>
              </initialValue>
            </variable>
            <variable name="yellow_ew" address="%QX0.1">
              <type>
                <BOOL/>
              </type>
            </variable>
            <variable name="green_ew" address="%QX0.2">
              <type>
                <BOOL/>
              </type>
            </variable>
            <variable name="time_green_ns" address="%MW0">
              <type>
                <INT/>
              </type>
            </variable>
            <variable name="time_yellow_ns" address="%MW1">
              <type>
                <INT/>
              </type>
            </variable>
            <variable name="time_red_ns" address="%MW2">
              <type>
                <INT/>
              </type>
            </variable>
            <variable name="time_green_ew" address="%MW3">
              <type>
                <INT/>
              </type>
            </variable>
            <variable name="time_yellow_ew" address="%MW4">
              <type>
                <INT/>
              </type>
            </variable>
            <variable name="time_red_ew" address="%MW5">
              <type>
                <INT/>
              </type>
            </variable>
          </localVars>
          <localVars>
            <variable name="TON0">
              <type>
                <derived name="TON"/>
              </type>
            </variable>
            <variable name="TON1">
              <type>
                <derived name="TON"/>
              </type>
            </variable>
            <variable name="TON2">
              <type>
                <derived name="TON"/>
              </type>
            </variable>
            <variable name="TON3">
              <type>
                <derived name="TON"/>
              </type>
            </variable>
          </localVars>
        </interface>
        <body>
          <LD>
            <leftPowerRail localId="1" height="500" width="10">
              <position x="100" y="110"/>
              <connectionPointOut formalParameter="">
                <relPosition x="10" y="20"/>
              </connectionPointOut>
              <connectionPointOut formalParameter="">
                <relPosition x="10" y="100"/>
              </connectionPointOut>
              <connectionPointOut formalParameter="">
                <relPosition x="10" y="170"/>
              </connectionPointOut>
              <connectionPointOut formalParameter="">
                <relPosition x="10" y="250"/>
              </connectionPointOut>
              <connectionPointOut formalParameter="">
                <relPosition x="10" y="330"/>
              </connectionPointOut>
              <connectionPointOut formalParameter="">
                <relPosition x="10" y="400"/>
              </connectionPointOut>
              <connectionPointOut formalParameter="">
                <relPosition x="10" y="480"/>
              </connectionPointOut>
            </leftPowerRail>
            <contact localId="2" height="20" width="21" negated="false">
              <position x="160" y="500"/>
              <connectionPointIn>
                <relPosition x="0" y="10"/>
                <connection refLocalId="1">
                  <position x="160" y="510"/>
                  <position x="110" y="510"/>
                </connection>
              </connectionPointIn>
              <connectionPointOut>
                <relPosition x="21" y="10"/>
              </connectionPointOut>
              <variable>red_ew</variable>
            </contact>
            <contact localId="4" height="20" width="21" negated="true">
              <position x="160" y="580"/>
              <connectionPointIn>
                <relPosition x="0" y="10"/>
                <connection refLocalId="1">
                  <position x="160" y="590"/>
                  <position x="110" y="590"/>
                </connection>
              </connectionPointIn>
              <connectionPointOut>
                <relPosition x="21" y="10"/>
              </connectionPointOut>
              <variable>yellow_ew</variable>
            </contact>
            <block localId="5" typeName="AND" height="60" width="70">
              <position x="240" y="510"/>
              <inputVariables>
                <variable formalParameter="IN1">
                  <connectionPointIn>
                    <relPosition x="0" y="30"/>
                    <connection refLocalId="2">
                      <position x="240" y="540"/>
                      <position x="220" y="540"/>
                      <position x="220" y="510"/>
                      <position x="181" y="510"/>
                    </connection>
                  </connectionPointIn>
                </variable>
                <variable formalParameter="IN2">
                  <connectionPointIn>
                    <relPosition x="0" y="50"/>
                    <connection refLocalId="4">
                      <position x="240" y="560"/>
                      <position x="220" y="560"/>
                      <position x="220" y="590"/>
                      <position x="181" y="590"/>
                    </connection>
                  </connectionPointIn>
                </variable>
              </inputVariables>
              <inOutVariables/>
              <outputVariables>
                <variable formalParameter="OUT">
                  <connectionPointOut>
                    <relPosition x="70" y="30"/>
                  </connectionPointOut>
                </variable>
              </outputVariables>
            </block>
            <block localId="3" typeName="AND" height="60" width="70" executionOrderId="0">
              <position x="470" y="510"/>
              <inputVariables>
                <variable formalParameter="IN1">
                  <connectionPointIn>
                    <relPosition x="0" y="30"/>
                    <connection refLocalId="5" formalParameter="OUT">
                      <position x="470" y="540"/>
                      <position x="310" y="540"/>
                    </connection>
                  </connectionPointIn>
                </variable>
                <variable formalParameter="IN2">
                  <connectionPointIn>
                    <relPosition x="0" y="50"/>
                    <connection refLocalId="7">
                      <position x="470" y="560"/>
                      <position x="440" y="560"/>
                      <position x="440" y="620"/>
                      <position x="411" y="620"/>
                    </connection>
                  </connectionPointIn>
                </variable>
              </inputVariables>
              <inOutVariables/>
              <outputVariables>
                <variable formalParameter="OUT">
                  <connectionPointOut>
                    <relPosition x="70" y="30"/>
                  </connectionPointOut>
                </variable>
              </outputVariables>
            </block>
            <leftPowerRail localId="6" height="40" width="10">
              <position x="340" y="600"/>
              <connectionPointOut formalParameter="">
                <relPosition x="10" y="20"/>
              </connectionPointOut>
            </leftPowerRail>
            <contact localId="7" height="20" width="21" negated="true">
              <position x="390" y="610"/>
              <connectionPointIn>
                <relPosition x="0" y="10"/>
                <connection refLocalId="6">
                  <position x="390" y="620"/>
                  <position x="350" y="620"/>
                </connection>
              </connectionPointIn>
              <connectionPointOut>
                <relPosition x="21" y="10"/>
              </connectionPointOut>
              <variable>yellow_ns</variable>
            </contact>
            <coil localId="8" height="20" width="21" negated="false">
              <position x="690" y="530"/>
              <connectionPointIn>
                <relPosition x="0" y="10"/>
                <connection refLocalId="3" formalParameter="OUT">
                  <position x="690" y="540"/>
                  <position x="540" y="540"/>
                </connection>
              </connectionPointIn>
              <connectionPointOut>
                <relPosition x="21" y="10"/>
              </connectionPointOut>
              <variable>green_ns</variable>
            </coil>
            <rightPowerRail localId="9" height="40" width="10">
              <position x="760" y="520"/>
              <connectionPointIn>
                <relPosition x="0" y="20"/>
                <connection refLocalId="8">
                  <position x="760" y="540"/>
                  <position x="711" y="540"/>
                </connection>
              </connectionPointIn>
            </rightPowerRail>
            <contact localId="10" height="20" width="21" negated="false">
              <position x="160" y="430"/>
              <connectionPointIn>
                <relPosition x="0" y="10"/>
                <connection refLocalId="1">
                  <position x="160" y="440"/>
                  <position x="110" y="440"/>
                </connection>
              </connectionPointIn>
              <connectionPointOut>
                <relPosition x="21" y="10"/>
              </connectionPointOut>
              <variable>red_ew</variable>
            </contact>
            <contact localId="11" height="20" width="21" negated="true">
              <position x="160" y="350"/>
              <connectionPointIn>
                <relPosition x="0" y="10"/>
                <connection refLocalId="1">
                  <position x="160" y="360"/>
                  <position x="110" y="360"/>
                </connection>
              </connectionPointIn>
              <connectionPointOut>
                <relPosition x="21" y="10"/>
              </connectionPointOut>
              <variable>yellow_ew</variable>
            </contact>
            <contact localId="12" height="20" width="21" negated="true">
              <position x="160" y="270"/>
              <connectionPointIn>
                <relPosition x="0" y="10"/>
                <connection refLocalId="1">
                  <position x="160" y="280"/>
                  <position x="110" y="280"/>
                </connection>
              </connectionPointIn>
              <connectionPointOut>
                <relPosition x="21" y="10"/>
              </connectionPointOut>
              <variable>green_ew</variable>
            </contact>
            <block localId="13" typeName="AND" height="60" width="70" executionOrderId="0">
              <position x="280" y="270"/>
              <inputVariables>
                <variable formalParameter="IN1">
                  <connectionPointIn>
                    <relPosition x="0" y="30"/>
                    <connection refLocalId="12">
                      <position x="280" y="300"/>
                      <position x="230" y="300"/>
                      <position x="230" y="280"/>
                      <position x="181" y="280"/>
                    </connection>
                  </connectionPointIn>
                </variable>
                <variable formalParameter="IN2">
                  <connectionPointIn>
                    <relPosition x="0" y="50"/>
                    <connection refLocalId="11">
                      <position x="280" y="320"/>
                      <position x="230" y="320"/>
                      <position x="230" y="360"/>
                      <position x="181" y="360"/>
                    </connection>
                  </connectionPointIn>
                </variable>
              </inputVariables>
              <inOutVariables/>
              <outputVariables>
                <variable formalParameter="OUT">
                  <connectionPointOut>
                    <relPosition x="70" y="30"/>
                  </connectionPointOut>
                </variable>
              </outputVariables>
            </block>
            <block localId="14" typeName="AND" height="60" width="70" executionOrderId="0">
              <position x="420" y="270"/>
              <inputVariables>
                <variable formalParameter="IN1">
                  <connectionPointIn>
                    <relPosition x="0" y="30"/>
                    <connection refLocalId="13" formalParameter="OUT">
                      <position x="420" y="300"/>
                      <position x="350" y="300"/>
                    </connection>
                  </connectionPointIn>
                </variable>
                <variable formalParameter="IN2">
                  <connectionPointIn>
                    <relPosition x="0" y="50"/>
                    <connection refLocalId="10">
                      <position x="420" y="320"/>
                      <position x="370" y="320"/>
                      <position x="370" y="440"/>
                      <position x="181" y="440"/>
                    </connection>
                  </connectionPointIn>
                </variable>
              </inputVariables>
              <inOutVariables/>
              <outputVariables>
                <variable formalParameter="OUT">
                  <connectionPointOut>
                    <relPosition x="70" y="30"/>
                  </connectionPointOut>
                </variable>
              </outputVariables>
            </block>
            <block localId="15" typeName="TON" instanceName="TON0" height="60" width="50">
              <position x="550" y="290"/>
              <inputVariables>
                <variable formalParameter="IN">
                  <connectionPointIn>
                    <relPosition x="0" y="30"/>
                    <connection refLocalId="14" formalParameter="OUT">
                      <position x="550" y="320"/>
                      <position x="535" y="320"/>
                      <position x="535" y="300"/>
                      <position x="490" y="300"/>
                    </connection>
                  </connectionPointIn>
                </variable>
                <variable formalParameter="PT">
                  <connectionPointIn>
                    <relPosition x="0" y="50"/>
                    <connection refLocalId="16">
                      <position x="550" y="340"/>
                      <position x="540" y="340"/>
                      <position x="540" y="400"/>
                      <position x="520" y="400"/>
                    </connection>
                  </connectionPointIn>
                </variable>
              </inputVariables>
              <inOutVariables/>
              <outputVariables>
                <variable formalParameter="Q">
                  <connectionPointOut>
                    <relPosition x="50" y="30"/>
                  </connectionPointOut>
                </variable>
                <variable formalParameter="ET">
                  <connectionPointOut>
                    <relPosition x="50" y="50"/>
                  </connectionPointOut>
                </variable>
              </outputVariables>
            </block>
            <inVariable localId="16" height="30" width="50" negated="false">
              <position x="470" y="380"/>
              <connectionPointOut>
                <relPosition x="50" y="20"/>
              </connectionPointOut>
              <expression>T#10s</expression>
            </inVariable>
            <block localId="17" typeName="AND" height="60" width="70" executionOrderId="0">
              <position x="790" y="270"/>
              <inputVariables>
                <variable formalParameter="IN1">
                  <connectionPointIn>
                    <relPosition x="0" y="30"/>
                    <connection refLocalId="26" formalParameter="OUT">
                      <position x="790" y="300"/>
                      <position x="755" y="300"/>
                      <position x="755" y="250"/>
                      <position x="720" y="250"/>
                    </connection>
                  </connectionPointIn>
                </variable>
                <variable formalParameter="IN2">
                  <connectionPointIn>
                    <relPosition x="0" y="50"/>
                    <connection refLocalId="15" formalParameter="Q">
                      <position x="790" y="320"/>
                      <position x="600" y="320"/>
                    </connection>
                  </connectionPointIn>
                </variable>
              </inputVariables>
              <inOutVariables/>
              <outputVariables>
                <variable formalParameter="OUT">
                  <connectionPointOut>
                    <relPosition x="70" y="30"/>
                  </connectionPointOut>
                </variable>
              </outputVariables>
            </block>
            <coil localId="18" height="20" width="21" negated="false">
              <position x="890" y="290"/>
              <connectionPointIn>
                <relPosition x="0" y="10"/>
                <connection refLocalId="17" formalParameter="OUT">
                  <position x="890" y="300"/>
                  <position x="880" y="300"/>
                  <position x="880" y="300"/>
                  <position x="860" y="300"/>
                </connection>
              </connectionPointIn>
              <connectionPointOut>
                <relPosition x="21" y="10"/>
              </connectionPointOut>
              <variable>yellow_ns</variable>
            </coil>
            <rightPowerRail localId="19" height="40" width="10">
              <position x="948" y="280"/>
              <connectionPointIn>
                <relPosition x="0" y="20"/>
                <connection refLocalId="18">
                  <position x="948" y="300"/>
                  <position x="911" y="300"/>
                </connection>
              </connectionPointIn>
            </rightPowerRail>
            <contact localId="21" height="20" width="21" negated="false">
              <position x="160" y="120"/>
              <connectionPointIn>
                <relPosition x="0" y="10"/>
                <connection refLocalId="1">
                  <position x="160" y="130"/>
                  <position x="110" y="130"/>
                </connection>
              </connectionPointIn>
              <connectionPointOut>
                <relPosition x="21" y="10"/>
              </connectionPointOut>
              <variable>green_ew</variable>
            </contact>
            <contact localId="22" height="20" width="21" negated="false">
              <position x="160" y="200"/>
              <connectionPointIn>
                <relPosition x="0" y="10"/>
                <connection refLocalId="1">
                  <position x="160" y="210"/>
                  <position x="110" y="210"/>
                </connection>
              </connectionPointIn>
              <connectionPointOut>
                <relPosition x="21" y="10"/>
              </connectionPointOut>
              <variable>yellow_ew</variable>
            </contact>
            <block localId="23" typeName="OR" height="60" width="70">
              <position x="280" y="130"/>
              <inputVariables>
                <variable formalParameter="IN1">
                  <connectionPointIn>
                    <relPosition x="0" y="30"/>
                    <connection refLocalId="21">
                      <position x="280" y="160"/>
                      <position x="230" y="160"/>
                      <position x="230" y="130"/>
                      <position x="181" y="130"/>
                    </connection>
                  </connectionPointIn>
                </variable>
                <variable formalParameter="IN2">
                  <connectionPointIn>
                    <relPosition x="0" y="50"/>
                    <connection refLocalId="22">
                      <position x="280" y="180"/>
                      <position x="230" y="180"/>
                      <position x="230" y="210"/>
                      <position x="181" y="210"/>
                    </connection>
                  </connectionPointIn>
                </variable>
              </inputVariables>
              <inOutVariables/>
              <outputVariables>
                <variable formalParameter="OUT">
                  <connectionPointOut>
                    <relPosition x="70" y="30"/>
                  </connectionPointOut>
                </variable>
              </outputVariables>
            </block>
            <block localId="20" typeName="OR" height="60" width="70" executionOrderId="0">
              <position x="690" y="130"/>
              <inputVariables>
                <variable formalParameter="IN1">
                  <connectionPointIn>
                    <relPosition x="0" y="30"/>
                    <connection refLocalId="23" formalParameter="OUT">
                      <position x="690" y="160"/>
                      <position x="350" y="160"/>
                    </connection>
                  </connectionPointIn>
                </variable>
                <variable formalParameter="IN2">
                  <connectionPointIn>
                    <relPosition x="0" y="50"/>
                    <connection refLocalId="24" formalParameter="Q">
                      <position x="690" y="180"/>
                      <position x="655" y="180"/>
                      <position x="655" y="210"/>
                      <position x="590" y="210"/>
                    </connection>
                  </connectionPointIn>
                </variable>
              </inputVariables>
              <inOutVariables/>
              <outputVariables>
                <variable formalParameter="OUT">
                  <connectionPointOut>
                    <relPosition x="70" y="30"/>
                  </connectionPointOut>
                </variable>
              </outputVariables>
            </block>
            <block localId="24" typeName="TON" instanceName="TON1" height="60" width="50" executionOrderId="0">
              <position x="540" y="180"/>
              <inputVariables>
                <variable formalParameter="IN">
                  <connectionPointIn>
                    <relPosition x="0" y="30"/>
                    <connection refLocalId="15" formalParameter="Q">
                      <position x="540" y="210"/>
                      <position x="530" y="210"/>
                      <position x="530" y="265"/>
                      <position x="610" y="265"/>
                      <position x="610" y="320"/>
                      <position x="600" y="320"/>
                    </connection>
                  </connectionPointIn>
                </variable>
                <variable formalParameter="PT">
                  <connectionPointIn>
                    <relPosition x="0" y="50"/>
                    <connection refLocalId="25">
                      <position x="540" y="230"/>
                      <position x="520" y="230"/>
                      <position x="520" y="240"/>
                      <position x="500" y="240"/>
                    </connection>
                  </connectionPointIn>
                </variable>
              </inputVariables>
              <inOutVariables/>
              <outputVariables>
                <variable formalParameter="Q">
                  <connectionPointOut>
                    <relPosition x="50" y="30"/>
                  </connectionPointOut>
                </variable>
                <variable formalParameter="ET">
                  <connectionPointOut>
                    <relPosition x="50" y="50"/>
                  </connectionPointOut>
                </variable>
              </outputVariables>
            </block>
            <inVariable localId="25" height="30" width="50" negated="false" executionOrderId="0">
              <position x="450" y="220"/>
              <connectionPointOut>
                <relPosition x="50" y="10"/>
              </connectionPointOut>
              <expression>T#5s</expression>
            </inVariable>
            <block localId="26" typeName="NOT" height="40" width="60">
              <position x="660" y="220"/>
              <inputVariables>
                <variable formalParameter="IN">
                  <connectionPointIn>
                    <relPosition x="0" y="30"/>
                    <connection refLocalId="24" formalParameter="Q">
                      <position x="660" y="250"/>
                      <position x="625" y="250"/>
                      <position x="625" y="210"/>
                      <position x="590" y="210"/>
                    </connection>
                  </connectionPointIn>
                </variable>
              </inputVariables>
              <inOutVariables/>
              <outputVariables>
                <variable formalParameter="OUT">
                  <connectionPointOut>
                    <relPosition x="60" y="30"/>
                  </connectionPointOut>
                </variable>
              </outputVariables>
            </block>
            <coil localId="27" height="20" width="21" negated="false">
              <position x="798" y="150"/>
              <connectionPointIn>
                <relPosition x="0" y="10"/>
                <connection refLocalId="20" formalParameter="OUT">
                  <position x="798" y="160"/>
                  <position x="760" y="160"/>
                </connection>
              </connectionPointIn>
              <connectionPointOut>
                <relPosition x="21" y="10"/>
              </connectionPointOut>
              <variable>red_ns</variable>
            </coil>
            <rightPowerRail localId="28" height="40" width="10">
              <position x="858" y="140"/>
              <connectionPointIn>
                <relPosition x="0" y="20"/>
                <connection refLocalId="27">
                  <position x="858" y="160"/>
                  <position x="818" y="160"/>
                </connection>
              </connectionPointIn>
            </rightPowerRail>
            <coil localId="29" height="20" width="21" negated="false" storage="reset">
              <position x="628" y="70"/>
              <connectionPointIn>
                <relPosition x="0" y="10"/>
                <connection refLocalId="24" formalParameter="Q">
                  <position x="628" y="80"/>
                  <position x="609" y="80"/>
                  <position x="609" y="210"/>
                  <position x="590" y="210"/>
                </connection>
              </connectionPointIn>
              <connectionPointOut>
                <relPosition x="21" y="10"/>
              </connectionPointOut>
              <variable>red_ew</variable>
            </coil>
            <rightPowerRail localId="30" height="40" width="10">
              <position x="688" y="60"/>
              <connectionPointIn>
                <relPosition x="0" y="20"/>
                <connection refLocalId="29">
                  <position x="688" y="80"/>
                  <position x="648" y="80"/>
                </connection>
              </connectionPointIn>
            </rightPowerRail>
            <block localId="61" typeName="TIME_TO_INT" height="40" width="100">
              <position x="620" y="390"/>
              <inputVariables>
                <variable formalParameter="IN">
                  <connectionPointIn>
                    <relPosition x="0" y="30"/>
                    <connection refLocalId="15" formalParameter="ET">
                      <position x="620" y="420"/>
                      <position x="610" y="420"/>
                      <position x="610" y="340"/>
                      <position x="600" y="340"/>
                    </connection>
                  </connectionPointIn>
                </variable>
              </inputVariables>
              <inOutVariables/>
              <outputVariables>
                <variable formalParameter="OUT">
                  <connectionPointOut>
                    <relPosition x="100" y="30"/>
                  </connectionPointOut>
                </variable>
              </outputVariables>
            </block>
            <block localId="62" typeName="SUB" height="60" width="70">
              <position x="828" y="450"/>
              <inputVariables>
                <variable formalParameter="IN1">
                  <connectionPointIn>
                    <relPosition x="0" y="30"/>
                    <connection refLocalId="64">
                      <position x="828" y="480"/>
                      <position x="750" y="480"/>
                    </connection>
                  </connectionPointIn>
                </variable>
                <variable formalParameter="IN2">
                  <connectionPointIn>
                    <relPosition x="0" y="50"/>
                    <connection refLocalId="61" formalParameter="OUT">
                      <position x="828" y="500"/>
                      <position x="774" y="500"/>
                      <position x="774" y="420"/>
                      <position x="720" y="420"/>
                    </connection>
                  </connectionPointIn>
                </variable>
              </inputVariables>
              <inOutVariables/>
              <outputVariables>
                <variable formalParameter="OUT">
                  <connectionPointOut>
                    <relPosition x="70" y="30"/>
                  </connectionPointOut>
                </variable>
              </outputVariables>
            </block>
            <outVariable localId="63" height="30" width="130" negated="false">
              <position x="958" y="460"/>
              <connectionPointIn>
                <relPosition x="0" y="20"/>
                <connection refLocalId="62" formalParameter="OUT">
                  <position x="958" y="480"/>
                  <position x="898" y="480"/>
                </connection>
              </connectionPointIn>
              <expression>time_yellow_ns</expression>
            </outVariable>
            <inVariable localId="64" height="30" width="30" negated="false">
              <position x="720" y="460"/>
              <connectionPointOut>
                <relPosition x="30" y="20"/>
              </connectionPointOut>
              <expression>10</expression>
            </inVariable>
            <block localId="31" typeName="TIME_TO_INT" height="40" width="100" executionOrderId="0">
              <position x="810" y="350"/>
              <inputVariables>
                <variable formalParameter="IN">
                  <connectionPointIn>
                    <relPosition x="0" y="30"/>
                    <connection refLocalId="24" formalParameter="ET">
                      <position x="810" y="380"/>
                      <position x="640" y="380"/>
                      <position x="640" y="230"/>
                      <position x="590" y="230"/>
                    </connection>
                  </connectionPointIn>
                </variable>
              </inputVariables>
              <inOutVariables/>
              <outputVariables>
                <variable formalParameter="OUT">
                  <connectionPointOut>
                    <relPosition x="100" y="30"/>
                  </connectionPointOut>
                </variable>
              </outputVariables>
            </block>
            <block localId="32" typeName="SUB" height="60" width="70" executionOrderId="0">
              <position x="1030" y="360"/>
              <inputVariables>
                <variable formalParameter="IN1">
                  <connectionPointIn>
                    <relPosition x="0" y="30"/>
                    <connection refLocalId="65">
                      <position x="1030" y="390"/>
                      <position x="1010" y="390"/>
                      <position x="1010" y="380"/>
                      <position x="990" y="380"/>
                    </connection>
                  </connectionPointIn>
                </variable>
                <variable formalParameter="IN2">
                  <connectionPointIn>
                    <relPosition x="0" y="50"/>
                    <connection refLocalId="31" formalParameter="OUT">
                      <position x="1030" y="410"/>
                      <position x="940" y="410"/>
                      <position x="940" y="380"/>
                      <position x="910" y="380"/>
                    </connection>
                  </connectionPointIn>
                </variable>
              </inputVariables>
              <inOutVariables/>
              <outputVariables>
                <variable formalParameter="OUT">
                  <connectionPointOut>
                    <relPosition x="70" y="30"/>
                  </connectionPointOut>
                </variable>
              </outputVariables>
            </block>
            <inVariable localId="65" height="30" width="20" negated="false">
              <position x="970" y="370"/>
              <connectionPointOut>
                <relPosition x="20" y="20"/>
              </connectionPointOut>
              <expression>5</expression>
            </inVariable>
            <outVariable localId="66" height="30" width="100" negated="false">
              <position x="1140" y="380"/>
              <connectionPointIn>
                <relPosition x="0" y="10"/>
                <connection refLocalId="32" formalParameter="OUT">
                  <position x="1140" y="390"/>
                  <position x="1100" y="390"/>
                </connection>
              </connectionPointIn>
              <expression>time_red_ns</expression>
            </outVariable>
            <outVariable localId="67" height="30" width="120" negated="false">
              <position x="1130" y="430"/>
              <connectionPointIn>
                <relPosition x="0" y="20"/>
                <connection refLocalId="32" formalParameter="OUT">
                  <position x="1130" y="450"/>
                  <position x="1120" y="450"/>
                  <position x="1120" y="390"/>
                  <position x="1100" y="390"/>
                </connection>
              </connectionPointIn>
              <expression>time_green_ew</expression>
            </outVariable>
            <leftPowerRail localId="33" height="500" width="10" executionOrderId="0">
              <position x="90" y="740"/>
              <connectionPointOut formalParameter="">
                <relPosition x="10" y="20"/>
              </connectionPointOut>
              <connectionPointOut formalParameter="">
                <relPosition x="10" y="100"/>
              </connectionPointOut>
              <connectionPointOut formalParameter="">
                <relPosition x="10" y="170"/>
              </connectionPointOut>
              <connectionPointOut formalParameter="">
                <relPosition x="10" y="250"/>
              </connectionPointOut>
              <connectionPointOut formalParameter="">
                <relPosition x="10" y="330"/>
              </connectionPointOut>
              <connectionPointOut formalParameter="">
                <relPosition x="10" y="400"/>
              </connectionPointOut>
              <connectionPointOut formalParameter="">
                <relPosition x="10" y="480"/>
              </connectionPointOut>
            </leftPowerRail>
            <contact localId="34" height="20" width="21" negated="false" executionOrderId="0">
              <position x="150" y="1130"/>
              <connectionPointIn>
                <relPosition x="0" y="10"/>
                <connection refLocalId="33">
                  <position x="150" y="1140"/>
                  <position x="100" y="1140"/>
                </connection>
              </connectionPointIn>
              <connectionPointOut>
                <relPosition x="21" y="10"/>
              </connectionPointOut>
              <variable>red_ns</variable>
            </contact>
            <block localId="35" typeName="AND" height="60" width="70" executionOrderId="0">
              <position x="460" y="1140"/>
              <inputVariables>
                <variable formalParameter="IN1">
                  <connectionPointIn>
                    <relPosition x="0" y="30"/>
                    <connection refLocalId="37" formalParameter="OUT">
                      <position x="460" y="1170"/>
                      <position x="300" y="1170"/>
                    </connection>
                  </connectionPointIn>
                </variable>
                <variable formalParameter="IN2">
                  <connectionPointIn>
                    <relPosition x="0" y="50"/>
                    <connection refLocalId="39">
                      <position x="460" y="1190"/>
                      <position x="430" y="1190"/>
                      <position x="430" y="1250"/>
                      <position x="401" y="1250"/>
                    </connection>
                  </connectionPointIn>
                </variable>
              </inputVariables>
              <inOutVariables/>
              <outputVariables>
                <variable formalParameter="OUT">
                  <connectionPointOut>
                    <relPosition x="70" y="30"/>
                  </connectionPointOut>
                </variable>
              </outputVariables>
            </block>
            <contact localId="36" height="20" width="21" negated="true" executionOrderId="0">
              <position x="150" y="1210"/>
              <connectionPointIn>
                <relPosition x="0" y="10"/>
                <connection refLocalId="33">
                  <position x="150" y="1220"/>
                  <position x="100" y="1220"/>
                </connection>
              </connectionPointIn>
              <connectionPointOut>
                <relPosition x="21" y="10"/>
              </connectionPointOut>
              <variable>yellow_ns</variable>
            </contact>
            <block localId="37" typeName="AND" height="60" width="70" executionOrderId="0">
              <position x="230" y="1140"/>
              <inputVariables>
                <variable formalParameter="IN1">
                  <connectionPointIn>
                    <relPosition x="0" y="30"/>
                    <connection refLocalId="34">
                      <position x="230" y="1170"/>
                      <position x="210" y="1170"/>
                      <position x="210" y="1140"/>
                      <position x="171" y="1140"/>
                    </connection>
                  </connectionPointIn>
                </variable>
                <variable formalParameter="IN2">
                  <connectionPointIn>
                    <relPosition x="0" y="50"/>
                    <connection refLocalId="36">
                      <position x="230" y="1190"/>
                      <position x="210" y="1190"/>
                      <position x="210" y="1220"/>
                      <position x="171" y="1220"/>
                    </connection>
                  </connectionPointIn>
                </variable>
              </inputVariables>
              <inOutVariables/>
              <outputVariables>
                <variable formalParameter="OUT">
                  <connectionPointOut>
                    <relPosition x="70" y="30"/>
                  </connectionPointOut>
                </variable>
              </outputVariables>
            </block>
            <leftPowerRail localId="38" height="40" width="10" executionOrderId="0">
              <position x="330" y="1230"/>
              <connectionPointOut formalParameter="">
                <relPosition x="10" y="20"/>
              </connectionPointOut>
            </leftPowerRail>
            <contact localId="39" height="20" width="21" negated="true" executionOrderId="0">
              <position x="380" y="1240"/>
              <connectionPointIn>
                <relPosition x="0" y="10"/>
                <connection refLocalId="38">
                  <position x="380" y="1250"/>
                  <position x="340" y="1250"/>
                </connection>
              </connectionPointIn>
              <connectionPointOut>
                <relPosition x="21" y="10"/>
              </connectionPointOut>
              <variable>yellow_ew</variable>
            </contact>
            <coil localId="40" height="20" width="21" negated="false" executionOrderId="0">
              <position x="680" y="1160"/>
              <connectionPointIn>
                <relPosition x="0" y="10"/>
                <connection refLocalId="35" formalParameter="OUT">
                  <position x="680" y="1170"/>
                  <position x="530" y="1170"/>
                </connection>
              </connectionPointIn>
              <connectionPointOut>
                <relPosition x="21" y="10"/>
              </connectionPointOut>
              <variable>green_ew</variable>
            </coil>
            <rightPowerRail localId="41" height="40" width="10" executionOrderId="0">
              <position x="750" y="1150"/>
              <connectionPointIn>
                <relPosition x="0" y="20"/>
                <connection refLocalId="40">
                  <position x="750" y="1170"/>
                  <position x="701" y="1170"/>
                </connection>
              </connectionPointIn>
            </rightPowerRail>
            <contact localId="42" height="20" width="21" negated="false" executionOrderId="0">
              <position x="150" y="1060"/>
              <connectionPointIn>
                <relPosition x="0" y="10"/>
                <connection refLocalId="33">
                  <position x="150" y="1070"/>
                  <position x="100" y="1070"/>
                </connection>
              </connectionPointIn>
              <connectionPointOut>
                <relPosition x="21" y="10"/>
              </connectionPointOut>
              <variable>red_ns</variable>
            </contact>
            <contact localId="43" height="20" width="21" negated="true" executionOrderId="0">
              <position x="150" y="980"/>
              <connectionPointIn>
                <relPosition x="0" y="10"/>
                <connection refLocalId="33">
                  <position x="150" y="990"/>
                  <position x="100" y="990"/>
                </connection>
              </connectionPointIn>
              <connectionPointOut>
                <relPosition x="21" y="10"/>
              </connectionPointOut>
              <variable>yellow_ns</variable>
            </contact>
            <contact localId="44" height="20" width="21" negated="true" executionOrderId="0">
              <position x="150" y="900"/>
              <connectionPointIn>
                <relPosition x="0" y="10"/>
                <connection refLocalId="33">
                  <position x="150" y="910"/>
                  <position x="100" y="910"/>
                </connection>
              </connectionPointIn>
              <connectionPointOut>
                <relPosition x="21" y="10"/>
              </connectionPointOut>
              <variable>green_ns</variable>
            </contact>
            <block localId="45" typeName="AND" height="60" width="70" executionOrderId="0">
              <position x="270" y="900"/>
              <inputVariables>
                <variable formalParameter="IN1">
                  <connectionPointIn>
                    <relPosition x="0" y="30"/>
                    <connection refLocalId="44">
                      <position x="270" y="930"/>
                      <position x="220" y="930"/>
                      <position x="220" y="910"/>
                      <position x="171" y="910"/>
                    </connection>
                  </connectionPointIn>
                </variable>
                <variable formalParameter="IN2">
                  <connectionPointIn>
                    <relPosition x="0" y="50"/>
                    <connection refLocalId="43">
                      <position x="270" y="950"/>
                      <position x="220" y="950"/>
                      <position x="220" y="990"/>
                      <position x="171" y="990"/>
                    </connection>
                  </connectionPointIn>
                </variable>
              </inputVariables>
              <inOutVariables/>
              <outputVariables>
                <variable formalParameter="OUT">
                  <connectionPointOut>
                    <relPosition x="70" y="30"/>
                  </connectionPointOut>
                </variable>
              </outputVariables>
            </block>
            <block localId="46" typeName="AND" height="60" width="70" executionOrderId="0">
              <position x="410" y="900"/>
              <inputVariables>
                <variable formalParameter="IN1">
                  <connectionPointIn>
                    <relPosition x="0" y="30"/>
                    <connection refLocalId="45" formalParameter="OUT">
                      <position x="410" y="930"/>
                      <position x="340" y="930"/>
                    </connection>
                  </connectionPointIn>
                </variable>
                <variable formalParameter="IN2">
                  <connectionPointIn>
                    <relPosition x="0" y="50"/>
                    <connection refLocalId="42">
                      <position x="410" y="950"/>
                      <position x="360" y="950"/>
                      <position x="360" y="1070"/>
                      <position x="171" y="1070"/>
                    </connection>
                  </connectionPointIn>
                </variable>
              </inputVariables>
              <inOutVariables/>
              <outputVariables>
                <variable formalParameter="OUT">
                  <connectionPointOut>
                    <relPosition x="70" y="30"/>
                  </connectionPointOut>
                </variable>
              </outputVariables>
            </block>
            <block localId="47" typeName="TON" instanceName="TON2" height="60" width="50" executionOrderId="0">
              <position x="540" y="920"/>
              <inputVariables>
                <variable formalParameter="IN">
                  <connectionPointIn>
                    <relPosition x="0" y="30"/>
                    <connection refLocalId="46" formalParameter="OUT">
                      <position x="540" y="950"/>
                      <position x="525" y="950"/>
                      <position x="525" y="930"/>
                      <position x="480" y="930"/>
                    </connection>
                  </connectionPointIn>
                </variable>
                <variable formalParameter="PT">
                  <connectionPointIn>
                    <relPosition x="0" y="50"/>
                    <connection refLocalId="48">
                      <position x="540" y="970"/>
                      <position x="530" y="970"/>
                      <position x="530" y="1020"/>
                      <position x="510" y="1020"/>
                    </connection>
                  </connectionPointIn>
                </variable>
              </inputVariables>
              <inOutVariables/>
              <outputVariables>
                <variable formalParameter="Q">
                  <connectionPointOut>
                    <relPosition x="50" y="30"/>
                  </connectionPointOut>
                </variable>
                <variable formalParameter="ET">
                  <connectionPointOut>
                    <relPosition x="50" y="50"/>
                  </connectionPointOut>
                </variable>
              </outputVariables>
            </block>
            <inVariable localId="48" height="30" width="50" negated="false" executionOrderId="0">
              <position x="460" y="1010"/>
              <connectionPointOut>
                <relPosition x="50" y="10"/>
              </connectionPointOut>
              <expression>T#10s</expression>
            </inVariable>
            <block localId="49" typeName="AND" height="60" width="70" executionOrderId="0">
              <position x="780" y="900"/>
              <inputVariables>
                <variable formalParameter="IN1">
                  <connectionPointIn>
                    <relPosition x="0" y="30"/>
                    <connection refLocalId="58" formalParameter="OUT">
                      <position x="780" y="930"/>
                      <position x="745" y="930"/>
                      <position x="745" y="880"/>
                      <position x="710" y="880"/>
                    </connection>
                  </connectionPointIn>
                </variable>
                <variable formalParameter="IN2">
                  <connectionPointIn>
                    <relPosition x="0" y="50"/>
                    <connection refLocalId="47" formalParameter="Q">
                      <position x="780" y="950"/>
                      <position x="590" y="950"/>
                    </connection>
                  </connectionPointIn>
                </variable>
              </inputVariables>
              <inOutVariables/>
              <outputVariables>
                <variable formalParameter="OUT">
                  <connectionPointOut>
                    <relPosition x="70" y="30"/>
                  </connectionPointOut>
                </variable>
              </outputVariables>
            </block>
            <coil localId="50" height="20" width="21" negated="false" executionOrderId="0">
              <position x="880" y="920"/>
              <connectionPointIn>
                <relPosition x="0" y="10"/>
                <connection refLocalId="49" formalParameter="OUT">
                  <position x="880" y="930"/>
                  <position x="850" y="930"/>
                </connection>
              </connectionPointIn>
              <connectionPointOut>
                <relPosition x="21" y="10"/>
              </connectionPointOut>
              <variable>yellow_ew</variable>
            </coil>
            <rightPowerRail localId="51" height="40" width="10" executionOrderId="0">
              <position x="938" y="910"/>
              <connectionPointIn>
                <relPosition x="0" y="20"/>
                <connection refLocalId="50">
                  <position x="938" y="930"/>
                  <position x="901" y="930"/>
                </connection>
              </connectionPointIn>
            </rightPowerRail>
            <block localId="52" typeName="OR" height="60" width="70" executionOrderId="0">
              <position x="680" y="760"/>
              <inputVariables>
                <variable formalParameter="IN1">
                  <connectionPointIn>
                    <relPosition x="0" y="30"/>
                    <connection refLocalId="55" formalParameter="OUT">
                      <position x="680" y="790"/>
                      <position x="340" y="790"/>
                    </connection>
                  </connectionPointIn>
                </variable>
                <variable formalParameter="IN2">
                  <connectionPointIn>
                    <relPosition x="0" y="50"/>
                    <connection refLocalId="56" formalParameter="Q">
                      <position x="680" y="810"/>
                      <position x="645" y="810"/>
                      <position x="645" y="840"/>
                      <position x="580" y="840"/>
                    </connection>
                  </connectionPointIn>
                </variable>
              </inputVariables>
              <inOutVariables/>
              <outputVariables>
                <variable formalParameter="OUT">
                  <connectionPointOut>
                    <relPosition x="70" y="30"/>
                  </connectionPointOut>
                </variable>
              </outputVariables>
            </block>
            <contact localId="53" height="20" width="21" negated="false" executionOrderId="0">
              <position x="150" y="750"/>
              <connectionPointIn>
                <relPosition x="0" y="10"/>
                <connection refLocalId="33">
                  <position x="150" y="760"/>
                  <position x="100" y="760"/>
                </connection>
              </connectionPointIn>
              <connectionPointOut>
                <relPosition x="21" y="10"/>
              </connectionPointOut>
              <variable>green_ns</variable>
            </contact>
            <contact localId="54" height="20" width="21" negated="false" executionOrderId="0">
              <position x="150" y="830"/>
              <connectionPointIn>
                <relPosition x="0" y="10"/>
                <connection refLocalId="33">
                  <position x="150" y="840"/>
                  <position x="100" y="840"/>
                </connection>
              </connectionPointIn>
              <connectionPointOut>
                <relPosition x="21" y="10"/>
              </connectionPointOut>
              <variable>yellow_ns</variable>
            </contact>
            <block localId="55" typeName="OR" height="60" width="70" executionOrderId="0">
              <position x="270" y="760"/>
              <inputVariables>
                <variable formalParameter="IN1">
                  <connectionPointIn>
                    <relPosition x="0" y="30"/>
                    <connection refLocalId="53">
                      <position x="270" y="790"/>
                      <position x="220" y="790"/>
                      <position x="220" y="760"/>
                      <position x="171" y="760"/>
                    </connection>
                  </connectionPointIn>
                </variable>
                <variable formalParameter="IN2">
                  <connectionPointIn>
                    <relPosition x="0" y="50"/>
                    <connection refLocalId="54">
                      <position x="270" y="810"/>
                      <position x="220" y="810"/>
                      <position x="220" y="840"/>
                      <position x="171" y="840"/>
                    </connection>
                  </connectionPointIn>
                </variable>
              </inputVariables>
              <inOutVariables/>
              <outputVariables>
                <variable formalParameter="OUT">
                  <connectionPointOut>
                    <relPosition x="70" y="30"/>
                  </connectionPointOut>
                </variable>
              </outputVariables>
            </block>
            <block localId="56" typeName="TON" instanceName="TON3" height="60" width="50" executionOrderId="0">
              <position x="530" y="810"/>
              <inputVariables>
                <variable formalParameter="IN">
                  <connectionPointIn>
                    <relPosition x="0" y="30"/>
                    <connection refLocalId="47" formalParameter="Q">
                      <position x="530" y="840"/>
                      <position x="520" y="840"/>
                      <position x="520" y="895"/>
                      <position x="600" y="895"/>
                      <position x="600" y="950"/>
                      <position x="590" y="950"/>
                    </connection>
                  </connectionPointIn>
                </variable>
                <variable formalParameter="PT">
                  <connectionPointIn>
                    <relPosition x="0" y="50"/>
                    <connection refLocalId="57">
                      <position x="530" y="860"/>
                      <position x="490" y="860"/>
                    </connection>
                  </connectionPointIn>
                </variable>
              </inputVariables>
              <inOutVariables/>
              <outputVariables>
                <variable formalParameter="Q">
                  <connectionPointOut>
                    <relPosition x="50" y="30"/>
                  </connectionPointOut>
                </variable>
                <variable formalParameter="ET">
                  <connectionPointOut>
                    <relPosition x="50" y="50"/>
                  </connectionPointOut>
                </variable>
              </outputVariables>
            </block>
            <inVariable localId="57" height="30" width="50" negated="false" executionOrderId="0">
              <position x="440" y="850"/>
              <connectionPointOut>
                <relPosition x="50" y="10"/>
              </connectionPointOut>
              <expression>T#5s</expression>
            </inVariable>
            <block localId="58" typeName="NOT" height="40" width="60" executionOrderId="0">
              <position x="650" y="850"/>
              <inputVariables>
                <variable formalParameter="IN">
                  <connectionPointIn>
                    <relPosition x="0" y="30"/>
                    <connection refLocalId="56" formalParameter="Q">
                      <position x="650" y="880"/>
                      <position x="615" y="880"/>
                      <position x="615" y="840"/>
                      <position x="580" y="840"/>
                    </connection>
                  </connectionPointIn>
                </variable>
              </inputVariables>
              <inOutVariables/>
              <outputVariables>
                <variable formalParameter="OUT">
                  <connectionPointOut>
                    <relPosition x="60" y="30"/>
                  </connectionPointOut>
                </variable>
              </outputVariables>
            </block>
            <coil localId="59" height="20" width="21" negated="false" executionOrderId="0">
              <position x="788" y="780"/>
              <connectionPointIn>
                <relPosition x="0" y="10"/>
                <connection refLocalId="52" formalParameter="OUT">
                  <position x="788" y="790"/>
                  <position x="750" y="790"/>
                </connection>
              </connectionPointIn>
              <connectionPointOut>
                <relPosition x="21" y="10"/>
              </connectionPointOut>
              <variable>red_ew</variable>
            </coil>
            <rightPowerRail localId="60" height="40" width="10" executionOrderId="0">
              <position x="848" y="770"/>
              <connectionPointIn>
                <relPosition x="0" y="20"/>
                <connection refLocalId="59">
                  <position x="848" y="790"/>
                  <position x="809" y="790"/>
                </connection>
              </connectionPointIn>
            </rightPowerRail>
            <coil localId="68" height="20" width="21" negated="false" storage="reset" executionOrderId="0">
              <position x="618" y="700"/>
              <connectionPointIn>
                <relPosition x="0" y="10"/>
                <connection refLocalId="56" formalParameter="Q">
                  <position x="618" y="710"/>
                  <position x="599" y="710"/>
                  <position x="599" y="840"/>
                  <position x="580" y="840"/>
                </connection>
              </connectionPointIn>
              <connectionPointOut>
                <relPosition x="21" y="10"/>
              </connectionPointOut>
              <variable>red_ns</variable>
            </coil>
            <rightPowerRail localId="69" height="40" width="10" executionOrderId="0">
              <position x="678" y="690"/>
              <connectionPointIn>
                <relPosition x="0" y="20"/>
                <connection refLocalId="68">
                  <position x="678" y="710"/>
                  <position x="639" y="710"/>
                </connection>
              </connectionPointIn>
            </rightPowerRail>
            <block localId="70" typeName="TIME_TO_INT" height="40" width="100" executionOrderId="0">
              <position x="800" y="980"/>
              <inputVariables>
                <variable formalParameter="IN">
                  <connectionPointIn>
                    <relPosition x="0" y="30"/>
                    <connection refLocalId="56" formalParameter="ET">
                      <position x="800" y="1010"/>
                      <position x="630" y="1010"/>
                      <position x="630" y="860"/>
                      <position x="580" y="860"/>
                    </connection>
                  </connectionPointIn>
                </variable>
              </inputVariables>
              <inOutVariables/>
              <outputVariables>
                <variable formalParameter="OUT">
                  <connectionPointOut>
                    <relPosition x="100" y="30"/>
                  </connectionPointOut>
                </variable>
              </outputVariables>
            </block>
            <block localId="71" typeName="SUB" height="60" width="70" executionOrderId="0">
              <position x="1020" y="990"/>
              <inputVariables>
                <variable formalParameter="IN1">
                  <connectionPointIn>
                    <relPosition x="0" y="30"/>
                    <connection refLocalId="76">
                      <position x="1020" y="1020"/>
                      <position x="980" y="1020"/>
                    </connection>
                  </connectionPointIn>
                </variable>
                <variable formalParameter="IN2">
                  <connectionPointIn>
                    <relPosition x="0" y="50"/>
                    <connection refLocalId="70" formalParameter="OUT">
                      <position x="1020" y="1040"/>
                      <position x="930" y="1040"/>
                      <position x="930" y="1010"/>
                      <position x="900" y="1010"/>
                    </connection>
                  </connectionPointIn>
                </variable>
              </inputVariables>
              <inOutVariables/>
              <outputVariables>
                <variable formalParameter="OUT">
                  <connectionPointOut>
                    <relPosition x="70" y="30"/>
                  </connectionPointOut>
                </variable>
              </outputVariables>
            </block>
            <block localId="72" typeName="TIME_TO_INT" height="40" width="100" executionOrderId="0">
              <position x="610" y="1020"/>
              <inputVariables>
                <variable formalParameter="IN">
                  <connectionPointIn>
                    <relPosition x="0" y="30"/>
                    <connection refLocalId="47" formalParameter="ET">
                      <position x="610" y="1050"/>
                      <position x="600" y="1050"/>
                      <position x="600" y="970"/>
                      <position x="590" y="970"/>
                    </connection>
                  </connectionPointIn>
                </variable>
              </inputVariables>
              <inOutVariables/>
              <outputVariables>
                <variable formalParameter="OUT">
                  <connectionPointOut>
                    <relPosition x="100" y="30"/>
                  </connectionPointOut>
                </variable>
              </outputVariables>
            </block>
            <block localId="73" typeName="SUB" height="60" width="70" executionOrderId="0">
              <position x="818" y="1080"/>
              <inputVariables>
                <variable formalParameter="IN1">
                  <connectionPointIn>
                    <relPosition x="0" y="30"/>
                    <connection refLocalId="75">
                      <position x="818" y="1110"/>
                      <position x="779" y="1110"/>
                      <position x="779" y="1100"/>
                      <position x="740" y="1100"/>
                    </connection>
                  </connectionPointIn>
                </variable>
                <variable formalParameter="IN2">
                  <connectionPointIn>
                    <relPosition x="0" y="50"/>
                    <connection refLocalId="72" formalParameter="OUT">
                      <position x="818" y="1130"/>
                      <position x="764" y="1130"/>
                      <position x="764" y="1050"/>
                      <position x="710" y="1050"/>
                    </connection>
                  </connectionPointIn>
                </variable>
              </inputVariables>
              <inOutVariables/>
              <outputVariables>
                <variable formalParameter="OUT">
                  <connectionPointOut>
                    <relPosition x="70" y="30"/>
                  </connectionPointOut>
                </variable>
              </outputVariables>
            </block>
            <outVariable localId="74" height="30" width="130" negated="false" executionOrderId="0">
              <position x="948" y="1090"/>
              <connectionPointIn>
                <relPosition x="0" y="10"/>
                <connection refLocalId="73" formalParameter="OUT">
                  <position x="948" y="1100"/>
                  <position x="918" y="1100"/>
                  <position x="918" y="1110"/>
                  <position x="888" y="1110"/>
                </connection>
              </connectionPointIn>
              <expression>time_yellow_ew</expression>
            </outVariable>
            <inVariable localId="75" height="30" width="30" negated="false" executionOrderId="0">
              <position x="710" y="1090"/>
              <connectionPointOut>
                <relPosition x="30" y="10"/>
              </connectionPointOut>
              <expression>10</expression>
            </inVariable>
            <inVariable localId="76" height="30" width="20" negated="false" executionOrderId="0">
              <position x="960" y="1000"/>
              <connectionPointOut>
                <relPosition x="20" y="20"/>
              </connectionPointOut>
              <expression>5</expression>
            </inVariable>
            <outVariable localId="77" height="30" width="100" negated="false" executionOrderId="0">
              <position x="1130" y="1010"/>
              <connectionPointIn>
                <relPosition x="0" y="10"/>
                <connection refLocalId="71" formalParameter="OUT">
                  <position x="1130" y="1020"/>
                  <position x="1090" y="1020"/>
                </connection>
              </connectionPointIn>
              <expression>time_red_ew</expression>
            </outVariable>
            <outVariable localId="78" height="30" width="120" negated="false" executionOrderId="0">
              <position x="1120" y="1060"/>
              <connectionPointIn>
                <relPosition x="0" y="20"/>
                <connection refLocalId="71" formalParameter="OUT">
                  <position x="1120" y="1080"/>
                  <position x="1110" y="1080"/>
                  <position x="1110" y="1020"/>
                  <position x="1090" y="1020"/>
                </connection>
              </connectionPointIn>
              <expression>time_green_ns</expression>
            </outVariable>
          </LD>
        </body>
        <documentation>
          <xhtml:p><![CDATA[red]]></xhtml:p>
        </documentation>
      </pou>
    </pous>
  </types>
  <instances>
    <configurations>
      <configuration name="Config0">
        <resource name="Res0">
          <task name="task0" priority="0" interval="T#20ms">
            <pouInstance name="instance0" typeName="program3"/>
          </task>
        </resource>
      </configuration>
    </configurations>
  </instances>
</project>
